user_id,title,genres,plot
0,Talk to Me (2022),Horror,"국가: 미국
줄거리: 이 영화는 고립감과 소통의 부재가 어떻게 사람들의 정신적 상태에 영향을 미치는지에 대해 탐구하며, 헤드의 심리적 변화가 관객에게 전달됩니다.
분위기 및 심리변화: 다크하고 감정적인 분위기 속에서 주인공은 내면적 갈등과 변화를 겪습니다."
1,Do Not Disturb (2023),Comedy|Drama,"국가: 미국
줄거리: 영화는 고립된 공간에서 주인공이 점점 더 불안해하고, 외부의 영향과 내적 갈등이 심화되면서 긴장감이 증대됩니다.
분위기 및 심리변화: 고립과 불안의 심리적 변화를 중심으로 전개됩니다."
2,Indiana Jones and the Dial of Destiny (2023),Action|Adventure,"국가: 미국
줄거리: 인디아나 존스는 신비한 타임 머신을 둘러싼 모험을 그리며, 젊었을 때와는 다른 인물로 변화했음을 깨닫습니다.
분위기 및 심리변화: 액션과 모험이 중심이며, 주인공의 나이와 경험에 따른 내적 갈등과 변화가 중요한 테마입니다."
3,Schindler's List (1993),Drama|War,"국가: 미국
줄거리: 오스카 쉰들러는 나치 독일의 수많은 유대인들을 구출하는 인물로, 역사상 가장 유명한 구원자 중 하나입니다.
분위기 및 심리변화: 고통과 희생의 분위기 속에서 쉰들러의 도덕적 변화와 심리적 고뇌가 중심입니다."
4,Mad Max: Fury Road (2015),Action|Adventure|Sci-Fi|Thriller,"국가: 오스트레일리아
줄거리: 무법자들이 지배하는 포스트 아포칼립스 세계에서, 매드 맥스는 여성들과 함께 폭력적이고 혼란스러운 상황에 처합니다.
분위기 및 심리변화: 영화는 빠르게 변화하는 액션 속에서, 주인공의 심리적 갈등과 성장이 강조됩니다."
5,Barbie (2023),Comedy,"국가: 미국
줄거리: 바비는 완벽한 세상에 살고 있다는 생각을 하다가, 현실 세계로 떨어지게 되며 진정으로 원하는 것이 무엇인지 깨닫기 시작합니다.
분위기 및 심리변화: 유머러스하고 경쾌한 분위기 속에서 주인공은 자아 찾기와 성장을 위한 여정을 그립니다."
6,All Quiet on the Western Front (2022),Action|Drama|War,"국가: 독일
줄거리: 제1차 세계대전 중, 한 젊은 독일 병사는 전장에서의 고통과 죽음을 목격하면서 전쟁의 참혹함을 체험합니다.
분위기 및 심리변화: 어두운 분위기 속에서 주인공은 전쟁의 공포와 상실감, 그리고 감정적 무감각을 경험합니다."
7,(500) Days of Summer (2009),Comedy|Drama|Romance,"국가: 미국
줄거리: 이 영화는 사랑이 어떻게 시작되고 끝나는지를 비선형적인 방식으로 그립니다. 주인공은 사랑을 믿고, 여자는 그에 대한 생각이 달라 시간이 지나면서 관계는 변화합니다.
분위기 및 심리변화: 영화는 밝고 경쾌한 분위기에서 시작하지만, 주인공의 심리적 변화와 관계의 끝을 맞으며 감정의 진폭이 커집니다."
8,Schindler's List (1993),Drama|War,"국가: 미국
줄거리: 오스카 쉰들러는 나치 독일의 수많은 유대인들을 구출하는 인물로, 역사상 가장 유명한 구원자 중 하나입니다.
분위기 및 심리변화: 고통과 희생의 분위기 속에서 쉰들러의 도덕적 변화와 심리적 고뇌가 중심입니다."
9,Arrival (2016),Sci-Fi,"국가: 미국
줄거리: 외계인과의 소통을 시도하는 언어학자 루이스 뱅크스는 시간이 비선형적으로 흐르는 경험을 하며 언어와 시간의 관계를 탐구합니다.
분위기 및 심리변화: 영화는 감성적이고 철학적인 분위기 속에서, 주인공은 시간의 개념을 바꾸며 과거와 미래를 넘나드는 심리적 변화를 경험합니다."
10,Thor: Ragnarok (2017),Action|Adventure|Sci-Fi,"국가: 미국
줄거리: 토르는 자신의 고향 아스가르드를 구하기 위해 전설적인 전사와 싸우게 되며, 신의 권한을 잃고 본질을 재발견합니다.
분위기 및 심리변화: 유머러스한 분위기 속에서 토르는 내면적 갈등과 성장을 경험하며 자기 발견의 여정을 떠납니다."
11,Top Gun: Maverick (2022),Action|Drama,"국가: 미국
줄거리: 베테랑 조종사 매버릭은 새로운 세대의 젊은 조종사들을 훈련시키며, 자신의 과거와 항공전의 급변하는 세계에 맞서야 하는 이야기를 그립니다.
분위기 및 심리변화: 강렬한 액션과 향수를 자극하며, 주인공은 자신의 한계를 시험하고 용기를 되찾는 과정을 경험합니다."
12,Everything Everywhere All at Once (2022),Action|Comedy|Sci-Fi,"국가: 미국
줄거리: 평범한 중년 여성이 다중우주 속 다양한 자신과 연결되면서 자신의 인생을 되돌아보고 존재의 의미를 깨닫게 됩니다.
분위기 및 심리변화: 초현실적이고 혼란스러운 분위기 속에서, 주인공은 정체성과 가족애를 되찾기 위한 감정적이고 철학적인 변화를 겪습니다."
13,Beautiful Boy (2018),Drama,"국가: 미국
줄거리: 중독 문제로 고통받는 아들과 그를 구하려는 아버지의 힘겨운 여정을 그리며, 아버지는 희망과 절망을 오가며 끊임없이 갈등합니다.
분위기 및 심리변화: 현실적이고 애절한 분위기 속에서, 주인공은 가족의 사랑과 희생으로 성장하며, 중독의 어두운 면과 싸워 나갑니다."
14,"Book Thief, The (2013)",Children|Drama|War,"국가: 미국, 독일
줄거리: 이 영화는 전쟁 속에서 소녀가 책과 단어를 통해 세상의 참혹함과 희망을 동시에 발견하는 과정을 탐구합니다.
분위기 및 심리변화: 따뜻하면서도 비극적인 분위기 속에서, 주인공 리젤은 상실과 고통을 딛고 내적으로 성장하며 강인함을 갖추게 됩니다."
15,Pinocchio (2022),Adventure|Children|Fantasy,"국가: 이탈리아
줄거리: 진짜 소년이 되기를 꿈꾸는 나무 인형 피노키오는 다양한 시련을 통해 인간성의 의미를 깨닫게 됩니다.
분위기 및 심리변화: 환상적이고 어두운 분위기 속에서, 주인공은 자신의 정체성과 인간성을 찾기 위한 내적 성장을 경험합니다."
16,Nightmare Alley (2021),Crime|Drama|Mystery,"국가: 미국
줄거리: 타인의 심리를 조작하는 사기꾼은 권력과 성공에 대한 욕망 속에서 자신을 잃어갑니다. 성공을 향한 집착은 결국 파멸로 이끌며, 그는 자신의 내면의 어두운 면을 마주하게 됩니다.
분위기 및 심리변화: 긴장감 넘치고 어두운 분위기 속에서, 주인공은 욕망과 기만의 함정에 빠져 점점 더 파멸로 치닫는 심리적 변화를 겪습니다."
17,The Hunger Games: Mockingjay - Part 1 (2014),Adventure|Sci-Fi|Thriller,"국가: 미국
줄거리: 독재에 맞서 저항의 상징이 된 캣니스는 내면의 두려움과 책임감 사이에서 갈등하며 리더로 성장합니다. 자신이 상징하는 것에 대한 부담감과 전쟁의 압박 속에서도 희망과 자유를 위한 싸움을 계속합니다.
분위기 및 심리변화: 암울하고 혁명적인 분위기 속에서, 주인공은 두려움을 극복하고 저항의 상징으로 성장하는 과정에서 강인함을 다져갑니다."
18,(500) Days of Summer (2009),Comedy|Drama|Romance,"국가: 미국
줄거리: 이 영화는 사랑이 어떻게 시작되고 끝나는지를 비선형적인 방식으로 그립니다. 주인공은 사랑을 믿고, 여자는 그에 대한 생각이 달라 시간이 지나면서 관계는 변화합니다.
분위기 및 심리변화: 영화는 밝고 경쾌한 분위기에서 시작하지만, 주인공의 심리적 변화와 관계의 끝을 맞으며 감정의 진폭이 커집니다."
19,"Conjuring, The (2013)",Horror|Thriller,"국가: 미국
줄거리: 이 영화는 초자연적인 현상과 싸우는 워렌 부부의 실화를 바탕으로 한 공포 이야기를 다룹니다.
분위기 및 심리변화: 긴장감 넘치고 음산한 분위기 속에서, 주인공들은 공포를 극복하고 사명감과 용기를 얻게 됩니다."
20,Love at First Sight (2023),Drama|Romance,"국가: 미국
줄거리: 비행기에서 우연히 만난 두 사람이 서로에게 끌리며 예기치 않은 사랑을 시작합니다. 각자의 삶 속에서 상처받았던 이들은 서로를 통해 희망과 사랑을 다시 믿게 됩니다.
분위기 및 심리변화: 따뜻하고 낭만적인 분위기 속에서, 주인공들은 새로운 사랑을 통해 내면의 상처를 치유하며 감정적으로 성장합니다."
21,Up (2009),Adventure|Animation|Children|Drama,"국가: 미국
줄거리: 상실감을 겪은 할아버지 칼이 집을 풍선으로 띄워 과거의 꿈을 실현하려는 여정을 떠납니다. 어린 소년 러셀과의 우정을 통해 상처를 치유하고 삶의 의미를 다시 찾습니다.
분위기 및 심리변화: 따뜻하고 감동적인 분위기 속에서, 주인공은 상실에서 벗어나 희망을 되찾는 심리적 변화를 경험합니다."
22,Pitch Perfect (2012),Comedy|Musical,"국가: 미국
줄거리: 아카펠라 그룹에서 노래를 부르는 대학생들이 함께 성장하고 우정을 쌓아가며 대회를 준비하는 과정을 그립니다.
분위기 및 심리변화: 경쾌하고 유머러스한 분위기 속에서, 주인공들은 자신감을 얻고 팀워크를 배워가며 성장합니다."
23,The Hunger Games: Mockingjay - Part 1 (2014),Adventure|Sci-Fi|Thriller,"국가: 미국
줄거리: 독재에 맞서 저항의 상징이 된 캣니스는 내면의 두려움과 책임감 사이에서 갈등하며 리더로 성장합니다. 자신이 상징하는 것에 대한 부담감과 전쟁의 압박 속에서도 희망과 자유를 위한 싸움을 계속합니다.
분위기 및 심리변화: 암울하고 혁명적인 분위기 속에서, 주인공은 두려움을 극복하고 저항의 상징으로 성장하는 과정에서 강인함을 다져갑니다."
24,District 9 (2009),Mystery|Sci-Fi|Thriller,"국가: 남아프리카 공화국
줄거리: 외계인들이 난민으로 지구에 오게 되며, 그들과 인간들 사이의 갈등과 차별이 심화됩니다. 주인공은 외계인과의 접촉으로 자신의 인류적 정체성에 혼란을 겪습니다.
분위기 및 심리변화: 어둡고 묵직한 분위기 속에서, 주인공은 인류와의 갈등을 넘어 자신을 이해하는 여정을 경험합니다."
25,The Menu (2022),Comedy|Horror,"국가: 미국
줄거리: 한 미식가가 비밀스러운 요리 모임에 참여하며 예상치 못한 사건에 휘말리게 됩니다. 고급 요리의 세계에서 주인공은 자신과 대면하게 됩니다.
분위기 및 심리변화: 미스터리하고 불안한 분위기 속에서, 주인공은 자신의 내면과 두려움에 직면합니다."
26,Swallow (2020),Drama|Horror|Thriller,"국가: 미국
줄거리: 외형적으로 완벽한 삶을 사는 여성이 점차 자기 파괴적 행동을 보이며 자아를 찾으려는 과정을 겪습니다.
분위기 및 심리변화: 어두운 분위기 속에서 주인공은 억눌린 감정과 자신의 정체성을 탐구하며 심리적 갈등을 경험합니다."
27,"Darjeeling Limited, The (2007)",Adventure|Comedy|Drama,"국가: 미국
줄거리: 이 영화는 형제 세 사람이 기차 여행을 통해 갈등을 해소하고 서로를 이해하며 유대를 회복하는 이야기를 그립니다.
분위기 및 심리변화: 독특하고 코믹한 분위기 속에서, 형제들은 가족의 의미와 삶의 목적에 대해 성찰하며 내적으로 성장합니다."
28,Encanto (2021),Adventure|Animation|Children|Fantasy,"국가: 미국
줄거리: 마법 능력을 가진 가족 중 유일하게 능력이 없는 소녀가 가족의 유산을 지키기 위해 자신의 가치를 발견하는 과정을 그립니다.
분위기 및 심리변화: 따뜻하고 환상적인 분위기 속에서, 주인공은 자아와 가족의 진정한 의미를 찾습니다."
29,Batman Begins (2005),Action|Crime|IMAX,"국가: 미국
줄거리: 부모의 죽음 이후 브루스 웨인은 고담시를 지키기 위해 배트맨이 되기로 결심하고, 자신의 공포와 싸우며 성장합니다.
분위기 및 심리변화: 어둡고 강렬한 분위기 속에서, 주인공은 두려움을 극복하고 정의를 추구하는 결단을 다집니다."
30,Jungle Cruise (2021),Adventure|Children|Comedy|Fantasy,"국가: 미국
줄거리: 아마존 탐험을 떠난 모험가들이 신비로운 고대 유물을 찾아 나서며 위험한 여정을 경험합니다.
분위기 및 심리변화: 모험적이고 유머러스한 분위기 속에서, 주인공은 용기와 믿음을 배우며 자신의 한계를 뛰어넘습니다."
31,John Wick: Chapter 4 (2023),Action|Crime|Thriller,"국가: 미국
줄거리: 존 윅은 자신을 노리는 수많은 적들과 치열한 싸움을 벌이며 자신의 자유와 평화를 찾기 위해 고군분투합니다.
분위기 및 심리변화: 강렬하고 어두운 분위기 속에서, 주인공은 복수와 생존 사이에서 내면의 갈등을 겪습니다."
32,"Crazy, Stupid, Love. (2011)",Comedy|Drama|Romance,"국가: 미국
줄거리: 사랑과 결혼 생활에서 위기를 맞은 남자가 새로운 친구를 만나면서 자신의 삶과 관계를 다시 바라보게 됩니다.
분위기 및 심리변화: 유머와 감동이 어우러진 분위기 속에서, 주인공은 자신의 가치를 재발견하며 성숙해집니다."
33,Judas and the Black Messiah (2021),Drama,"국가: 미국
줄거리: 흑표당의 지도자인 프레드 햄프턴을 배신한 인물의 이야기를 통해 인종 차별과 정치적 갈등을 탐구합니다.
분위기 및 심리변화: 긴장감 넘치는 분위기 속에서, 주인공은 내면의 죄책감과 충돌을 겪습니다."
34,Coco (2017),Adventure|Animation|Children,"국가: 미국
줄거리: 죽은 자의 세상에서 가족의 비밀을 발견한 소년이 가족의 소중함을 깨닫고 꿈을 찾아가는 여정을 그립니다.
분위기 및 심리변화: 밝고 감동적인 분위기 속에서, 주인공은 가족과 꿈의 중요성을 되새기며 성장합니다."
35,Lady Bird (2017),Comedy,"국가: 미국
줄거리: 자신만의 정체성을 찾으려는 한 소녀가 가족과의 갈등 속에서 성장해가는 과정을 그립니다.
분위기 및 심리변화: 감성적이고 현실적인 분위기 속에서, 주인공은 자아와 가족의 중요성을 이해하며 성숙해집니다."
36,Past Lives (2023),Drama|Romance,"국가: 미국
줄거리: 어린 시절 사랑했던 친구와 재회하며 서로의 삶에 대한 복잡한 감정을 나누는 두 사람의 이야기입니다.
분위기 및 심리변화: 감동적이고 잔잔한 분위기 속에서, 주인공은 과거와 현재의 감정을 되돌아보며 내적 성장을 경험합니다."
37,Harry Potter and the Goblet of Fire (2005),Adventure|Fantasy|Thriller|IMAX,"국가: 영국
줄거리: 해리는 위험한 마법 대회에 참가하게 되며, 점차 다가오는 어둠의 세력과 마주하게 됩니다.
분위기 및 심리변화: 긴장감 넘치고 모험적인 분위기 속에서, 주인공은 용기와 책임감을 배워갑니다."
38,Guardians of the Galaxy (2014),Action|Adventure|Sci-Fi,"국가: 미국
줄거리: 우주를 지키기 위해 모인 다양한 배경의 영웅들이 힘을 합쳐 강력한 적에 맞서는 이야기를 그립니다.
분위기 및 심리변화: 유머와 액션이 가득한 분위기 속에서, 주인공들은 팀워크와 신뢰를 배웁니다."
39,Saving Private Ryan (1998),Action|Drama|War,"국가: 미국
줄거리: 제2차 세계 대전 중 한 병사를 구출하기 위해 위험한 임무를 수행하는 병사들의 이야기를 그립니다.
분위기 및 심리변화: 현실적이고 전쟁의 참혹함을 강조하는 분위기 속에서, 주인공은 전쟁의 무게와 인간의 용기를 경험합니다."
40,Alita: Battle Angel (2019),Action|Romance|Sci-Fi|Thriller,"국가: 미국
줄거리: 기억을 잃은 사이보그 소녀가 자신의 과거와 힘을 되찾기 위해 싸우며 정의를 추구하는 과정을 그립니다.
분위기 및 심리변화: 강렬하고 판타지적인 분위기 속에서, 주인공은 자신의 정체성과 사명을 찾는 여정을 겪습니다."
41,Pi (1998),Drama|Sci-Fi|Thriller,"국가: 미국
줄거리: 수학 천재가 무작위 숫자 속에서 우주의 비밀을 찾으려 하며 점차 광기에 사로잡히는 과정을 그립니다.
분위기 및 심리변화: 불안하고 어두운 분위기 속에서, 주인공은 집착과 혼란의 심리적 변화를 겪습니다."
42,Avatar (2009),Action|Adventure|Sci-Fi|IMAX,"국가: 미국
줄거리: 판도라 행성에서 원주민들과 교감하며 환경을 지키려는 한 인간의 이야기를 그립니다.
분위기 및 심리변화: 환상적이고 서정적인 분위기 속에서, 주인공은 자신의 정체성과 가치를 재발견합니다."
43,Pinocchio (1940),Animation|Children|Fantasy|Musical,"국가: 미국
줄거리: 나무 인형 피노키오가 진정한 소년이 되기 위해 겪는 다양한 모험과 교훈을 그립니다.
분위기 및 심리변화: 교훈적이고 따뜻한 분위기 속에서, 주인공은 순수함과 인간성을 찾습니다."
44,Nightcrawler (2014),Crime|Drama|Thriller,"국가: 미국
줄거리: 범죄 사건을 촬영하는 프리랜서 기자가 자극적인 장면을 얻기 위해 도덕적 경계를 넘나드는 이야기를 그립니다.
분위기 및 심리변화: 긴장감 넘치고 어두운 분위기 속에서, 주인공은 탐욕과 윤리적 갈등을 경험합니다."
45,Sharper (2023),Crime|Drama|Thriller,"국가: 미국
줄거리: 사기꾼들이 서로를 속이며 벌어지는 심리적 게임을 그립니다.
분위기 및 심리변화: 긴장감 넘치고 교활한 분위기 속에서, 주인공들은 불신과 배신의 심리적 변화를 겪습니다."
46,L.A. Confidential (1997),Crime|Film-Noir|Mystery|Thriller,"국가: 미국
줄거리: 1950년대 로스앤젤레스에서 부패와 범죄를 파헤치는 경찰들의 이야기를 그립니다.
분위기 및 심리변화: 어두운 필름 누아르 분위기 속에서, 주인공들은 정의와 부패 사이에서 갈등합니다."
47,Guardians of the Galaxy Volume 3 (2023),Action|Adventure|Sci-Fi,"국가: 미국
줄거리: 은하를 지키기 위해 다양한 배경을 가진 영웅들이 함께하는 마지막 여정을 그립니다.
분위기 및 심리변화: 유머와 감동이 어우러진 분위기 속에서, 주인공들은 팀워크와 희생을 경험합니다."
48,White Noise (2022),Comedy|Drama,"국가: 미국
줄거리: 일상의 소음과 현대 사회의 불안을 다루며 주인공이 삶의 의미를 찾으려는 과정을 그립니다.
분위기 및 심리변화: 독특하고 철학적인 분위기 속에서, 주인공은 현대 사회의 불안과 내면의 공허함을 탐구합니다."
49,Shazam! (2019),Action|Adventure|Fantasy|Sci-Fi,"국가: 미국
줄거리: 한 소년이 마법의 힘으로 슈퍼히어로가 되어 악에 맞서 싸우는 과정을 그립니다.
분위기 및 심리변화: 유머러스하고 활기찬 분위기 속에서, 주인공은 책임감과 용기를 배웁니다."
50,Mr. & Mrs. Smith (2005),Action|Adventure|Comedy|Romance,"국가: 미국
줄거리: 서로의 정체를 모른 채 결혼한 두 비밀 요원이 서로의 타깃이 되면서 벌어지는 액션을 그립니다.
분위기 및 심리변화: 유머와 액션이 어우러진 분위기 속에서, 주인공들은 신뢰와 사랑을 다시 찾으려 합니다."
51,Talk to Me (2022),Horror,"국가: 미국
줄거리: 이 영화는 고립감과 소통의 부재가 어떻게 사람들의 정신적 상태에 영향을 미치는지에 대해 탐구하며, 헤드의 심리적 변화가 관객에게 전달됩니다.
분위기 및 심리변화: 다크하고 감정적인 분위기 속에서 주인공은 내면적 갈등과 변화를 겪습니다."
52,Moana (2016),Adventure|Animation|Children|Comedy|Fantasy,"국가: 미국
줄거리: 모아나가 신화적인 존재들과 함께 바다를 항해하며 자신과 부족의 정체성을 찾아가는 여정을 그립니다.
분위기 및 심리변화: 활기차고 모험적인 분위기 속에서, 주인공은 자신의 용기와 지도자로서의 자질을 발견합니다."
53,Batman & Robin (1997),Action|Adventure|Fantasy|Thriller,"국가: 미국
줄거리: 배트맨과 로빈이 협력해 고담시를 위협하는 빌런들에 맞서 싸우는 이야기를 그립니다.
분위기 및 심리변화: 액션과 어두운 분위기 속에서, 주인공들은 팀워크와 책임감을 다져갑니다."
54,Arrival (2016),Sci-Fi,"국가: 미국
줄거리: 외계인과의 소통을 시도하는 언어학자 루이스 뱅크스는 시간이 비선형적으로 흐르는 경험을 하며 언어와 시간의 관계를 탐구합니다.
분위기 및 심리변화: 영화는 감성적이고 철학적인 분위기 속에서, 주인공은 시간의 개념을 바꾸며 과거와 미래를 넘나드는 심리적 변화를 경험합니다."
55,All Quiet on the Western Front (2022),Action|Drama|War,"국가: 독일
줄거리: 제1차 세계대전 중, 한 젊은 독일 병사는 전장에서의 고통과 죽음을 목격하면서 전쟁의 참혹함을 체험합니다.
분위기 및 심리변화: 어두운 분위기 속에서 주인공은 전쟁의 공포와 상실감, 그리고 감정적 무감각을 경험합니다."
56,Finding Nemo (2003),Adventure|Animation|Children|Comedy,"국가: 미국
줄거리: 실종된 아들 니모를 찾기 위해 바다를 탐험하는 아버지의 이야기를 그립니다.
분위기 및 심리변화: 따뜻하고 감동적인 분위기 속에서, 주인공은 가족의 소중함을 깨닫습니다."
57,No Time to Die (2020),Action|Adventure|Mystery|Thriller,"국가: 영국
줄거리: 제임스 본드는 과거의 적과 맞서며 자신과 주변 사람들을 지키기 위해 위험한 임무를 수행합니다.
분위기 및 심리변화: 긴장감 넘치고 스릴 넘치는 분위기 속에서, 주인공은 충성심과 희생을 경험합니다."
58,BlackBerry (2023),Comedy|Drama,"국가: 캐나다
줄거리: 블랙베리의 성공과 몰락을 다루며, 기업의 혁신과 도전 속에서의 갈등과 심리 변화를 탐구합니다.
분위기 및 심리변화: 현실적이고 감정적으로 복잡한 분위기 속에서, 주인공들은 도전과 실패의 교훈을 배웁니다."
59,Before Sunset (2004),Drama|Romance,"국가: 미국
줄거리: 오랜만에 재회한 두 사람이 파리에서의 짧은 시간을 함께 보내며, 서로의 감정을 확인하는 이야기를 그립니다.
분위기 및 심리변화: 감성적이고 잔잔한 분위기 속에서, 주인공들은 사랑과 인연에 대해 깊은 통찰을 얻습니다."
60,How to Train Your Dragon (2010),Adventure|Animation|Children|Fantasy|IMAX,"국가: 미국
줄거리: 소년이 드래곤과의 우정을 통해 마을 사람들과의 갈등을 극복하고 진정한 용사가 되는 과정을 그립니다.
분위기 및 심리변화: 모험적이고 따뜻한 분위기 속에서, 주인공은 용기와 배려심을 배웁니다."
61,The Flash (2023),Action|Adventure|Sci-Fi,"국가: 미국
줄거리: 플래시는 과거를 바꾸기 위해 시간 여행을 시도하지만, 예상치 못한 결과로 새로운 위협을 맞이하게 됩니다.
분위기 및 심리변화: 스릴 넘치고 긴장감 있는 분위기 속에서, 주인공은 책임감과 희생의 의미를 배웁니다."
62,Before Sunrise (1995),Drama|Romance,"국가: 미국
줄거리: 한 남녀가 유럽 여행 중 우연히 만나 하루를 함께 보내며 사랑을 나누는 이야기를 그립니다.
분위기 및 심리변화: 감성적이고 잔잔한 분위기 속에서, 주인공들은 사랑과 인연의 가능성을 탐구합니다."
63,"Killing, The (1956)",Crime|Film-Noir,"국가: 미국
줄거리: 이 영화는 치밀한 은행 강도 계획이 엇나가며 발생하는 비극적인 사건을 다룹니다.
분위기 및 심리변화: 어두운 누아르 분위기 속에서, 주인공은 계획 실패로 인한 좌절과 절망을 경험하며 인간의 약함을 드러냅니다."
64,Black Adam (2022),Action|Adventure|Fantasy,"국가: 미국
줄거리: 고대의 힘을 가진 블랙 아담이 현대에 부활하여 자신의 정의를 실현하고자 합니다.
분위기 및 심리변화: 강렬하고 파괴적인 분위기 속에서, 주인공은 힘의 사용에 대한 갈등을 경험합니다."
65,The Nice Guys (2016),Crime|Mystery|Thriller,"국가: 미국
줄거리: 1970년대 LA에서 두 탐정이 실종 사건을 해결하는 과정에서 벌어지는 유머와 액션을 그립니다.
분위기 및 심리변화: 유머러스하고 경쾌한 분위기 속에서, 주인공들은 우정과 팀워크를 배웁니다."
66,Star Wars: Episode I - The Phantom Menace (1999),Action|Adventure|Sci-Fi,"국가: 미국
줄거리: 은하계의 평화를 위협하는 시스의 음모 속에서 제다이들이 맞서 싸우는 이야기를 그립니다.
분위기 및 심리변화: 모험과 판타지적인 분위기 속에서, 주인공들은 용기와 신념을 배웁니다."
67,True Grit (2010),Western,"국가: 미국
줄거리: 소녀가 아버지를 죽인 범인을 잡기 위해 보안관과 함께 복수를 다짐하는 이야기를 그립니다.
분위기 및 심리변화: 긴장감 넘치고 묵직한 분위기 속에서, 주인공은 용기와 의지를 다집니다."
68,Meg 2: The Trench (2023),Action|Comedy|Horror|Sci-Fi,"국가: 미국
줄거리: 심해에서 출몰한 거대한 생명체와의 대결을 다룬 스릴 넘치는 모험 영화입니다.
분위기 및 심리변화: 긴박하고 모험적인 분위기 속에서, 주인공들은 생존과 용기를 시험받습니다."
69,Raiders of the Lost Ark (Indiana Jones and the Raiders of the Lost Ark) (1981),Action|Adventure,"국가: 미국
줄거리: 이 영화는 고고학자 인디아나 존스가 전설의 유물을 찾아 나치와 대결하는 모험을 그립니다.
분위기 및 심리변화: 경쾌하고 스릴 넘치는 분위기 속에서, 주인공은 위험을 극복하며 탐험 정신과 용기를 보여줍니다."
70,Knives Out (2019),Comedy|Crime|Drama|Mystery|Thriller,"국가: 미국
줄거리: 유명한 소설가의 죽음을 둘러싼 미스터리 사건을 탐정이 조사하며 가족의 갈등을 파헤치는 이야기입니다.
분위기 및 심리변화: 긴장감 넘치고 추리적인 분위기 속에서, 주인공들은 진실을 밝혀내기 위해 지혜를 발휘합니다."
71,Talk to Me (2022),Horror,"국가: 미국
줄거리: 이 영화는 고립감과 소통의 부재가 어떻게 사람들의 정신적 상태에 영향을 미치는지에 대해 탐구하며, 헤드의 심리적 변화가 관객에게 전달됩니다.
분위기 및 심리변화: 다크하고 감정적인 분위기 속에서 주인공은 내면적 갈등과 변화를 겪습니다."
72,Dungeons & Dragons: Honor Among Thieves (2023),Action|Adventure|Fantasy,"국가: 미국
줄거리: 도둑과 모험가들이 함께 마법 세계에서 보물을 찾기 위한 여정을 떠납니다.
분위기 및 심리변화: 판타지와 모험이 어우러진 분위기 속에서, 주인공들은 팀워크와 우정을 배웁니다."
73,Kingsman: The Golden Circle (2017),Action|Adventure|Comedy,"국가: 영국
줄거리: 비밀 요원들이 강력한 적과 싸우기 위해 다시 힘을 합칩니다.
분위기 및 심리변화: 스타일리시하고 유머러스한 분위기 속에서, 주인공은 책임감과 동료애를 다집니다."
74,Superbad (2007),Comedy,"국가: 미국
줄거리: 고등학생 친구들이 졸업 전날 밤에 벌이는 웃기고 엉뚱한 소동을 다룹니다.
분위기 및 심리변화: 유머러스하고 경쾌한 분위기 속에서, 주인공들은 우정과 성장의 의미를 깨닫습니다."
75,Catch Me If You Can (2002),Crime|Drama,"국가: 미국
줄거리: 천재적인 사기꾼과 그를 추적하는 FBI 요원의 실화를 바탕으로 한 이야기입니다.
분위기 및 심리변화: 긴박하고 흥미진진한 분위기 속에서, 주인공은 지혜와 자아를 찾는 여정을 겪습니다."
76,Operation Fortune: Ruse de Guerre (2023),Action|Comedy|Thriller,"국가: 영국
줄거리: 비밀 작전을 수행하는 요원들이 위험한 임무에 나서며 벌어지는 이야기를 그립니다.
분위기 및 심리변화: 스릴 넘치고 유머가 가미된 분위기 속에서, 주인공들은 책임감과 동료애를 다집니다."
77,Batman Begins (2005),Action|Crime|IMAX,"국가: 미국
줄거리: 부모의 죽음 이후 브루스 웨인은 고담시를 지키기 위해 배트맨이 되기로 결심하고, 자신의 공포와 싸우며 성장합니다.
분위기 및 심리변화: 어둡고 강렬한 분위기 속에서, 주인공은 두려움을 극복하고 정의를 추구하는 결단을 다집니다."
78,The Imitation Game (2014),Drama|Thriller|War,"국가: 영국
줄거리: 천재 수학자 앨런 튜링이 2차 세계대전 중 암호를 해독하는 과정을 다룹니다.
분위기 및 심리변화: 긴장감 넘치고 감동적인 분위기 속에서, 주인공은 편견과 싸우며 내면의 강인함을 드러냅니다."
79,Runaway Jury (2003),Drama|Thriller,"국가: 미국
줄거리: 배심원을 조종해 재판 결과를 바꾸려는 음모가 펼쳐지는 법정 스릴러입니다.
분위기 및 심리변화: 긴장감 넘치고 교묘한 분위기 속에서, 주인공은 정의와 인간의 의지를 시험받습니다."
80,The Banshees of Inisherin (2022),Comedy|Drama,"국가: 아일랜드
줄거리: 아일랜드 시골 마을에서 벌어지는 두 친구의 갈등과 우정을 다룬 이야기입니다.
분위기 및 심리변화: 잔잔하고 서정적인 분위기 속에서, 주인공은 인간 관계의 깊이를 되새깁니다."
81,Iron Man 2 (2010),Action|Adventure|Sci-Fi|Thriller|IMAX,"국가: 미국
줄거리: 토니 스타크는 아이언맨의 정체를 공개하고, 새로운 적과의 대결 속에서 기술과 책임감의 갈등을 겪습니다.
분위기 및 심리변화: 액션과 긴장감 있는 분위기 속에서, 주인공은 영웅으로서의 책임을 다시 고민합니다."
82,Nimona (2023),Action|Adventure|Animation|Fantasy|Sci-Fi,"국가: 미국
줄거리: 신비한 힘을 가진 소녀 니모나와 은퇴한 악당이 협력해 세상에 맞서 싸우는 이야기를 그립니다.
분위기 및 심리변화: 판타지와 유머가 어우러진 분위기 속에서, 주인공들은 자아와 신념을 찾는 여정을 겪습니다."
83,Master Gardener (2023),Crime|Drama|Thriller,"국가: 미국
줄거리: 정원사로 일하는 남자가 자신만의 고요한 삶을 살아가지만, 과거의 비밀이 드러나며 내적 갈등을 겪습니다.
분위기 및 심리변화: 잔잔하고 서정적인 분위기 속에서, 주인공은 과거와 화해하며 자신을 되찾습니다."
84,Swallow (2020),Drama|Horror|Thriller,"국가: 미국
줄거리: 외형적으로 완벽한 삶을 사는 여성이 점차 자기 파괴적 행동을 보이며 자아를 찾으려는 과정을 겪습니다.
분위기 및 심리변화: 어두운 분위기 속에서 주인공은 억눌린 감정과 자신의 정체성을 탐구하며 심리적 갈등을 경험합니다."
85,Thor: Love and Thunder (2022),Action|Adventure|Fantasy,"국가: 미국
줄거리: 토르는 새로운 위협에 맞서 싸우며, 과거의 연인과 재회해 사랑과 영웅으로서의 역할을 다시 고민합니다.
분위기 및 심리변화: 유머러스하고 액션 가득한 분위기 속에서, 주인공은 용기와 사랑을 되찾습니다."
86,El Camino: A Breaking Bad Movie (2019),Crime|Drama|Thriller,"국가: 미국
줄거리: 탈출한 제시가 과거의 어둠에서 벗어나 새 삶을 찾기 위해 노력하는 이야기를 그립니다.
분위기 및 심리변화: 어둡고 긴장감 넘치는 분위기 속에서, 주인공은 자유와 속죄를 위해 고군분투합니다."
87,Chinatown (1974),Crime|Film-Noir|Mystery|Thriller,"국가: 미국
줄거리: 사립탐정이 음모와 배신이 얽힌 사건을 조사하며 진실을 파헤치는 고전적인 필름 누아르입니다.
분위기 및 심리변화: 어두운 분위기 속에서, 주인공은 진실을 찾는 과정에서 현실의 복잡함을 마주합니다."
88,Schindler's List (1993),Drama|War,"국가: 미국
줄거리: 오스카 쉰들러는 나치 독일의 수많은 유대인들을 구출하는 인물로, 역사상 가장 유명한 구원자 중 하나입니다.
분위기 및 심리변화: 고통과 희생의 분위기 속에서 쉰들러의 도덕적 변화와 심리적 고뇌가 중심입니다."
89,Top Gun: Maverick (2022),Action|Drama,"국가: 미국
줄거리: 베테랑 조종사 매버릭은 새로운 세대의 젊은 조종사들을 훈련시키며, 자신의 과거와 항공전의 급변하는 세계에 맞서야 하는 이야기를 그립니다.
분위기 및 심리변화: 강렬한 액션과 향수를 자극하며, 주인공은 자신의 한계를 시험하고 용기를 되찾는 과정을 경험합니다."
90,Hercules (1997),Adventure|Animation|Children|Comedy|Musical,"국가: 미국
줄거리: 신화 속 영웅 헤라클레스가 자신의 힘을 시험하며 진정한 영웅이 되기 위해 모험을 떠나는 이야기를 그립니다.
분위기 및 심리변화: 밝고 모험적인 분위기 속에서, 주인공은 용기와 사랑의 가치를 깨닫습니다."
minyeol,Weathering with You (2019),Animation|Drama|Fantasy|Romance,"국가: 일본
줄거리: 날씨를 조종할 수 있는 소녀와 그녀를 돕는 소년의 이야기를 통해 사랑과 희생을 그립니다.
분위기 및 심리변화: 서정적이고 판타지적인 분위기 속에서, 주인공들은 사랑과 책임의 의미를 깨닫습니다."
92,Spider-Man: No Way Home (2021),Action|Adventure|Fantasy|Sci-Fi,"국가: 미국
줄거리: 스파이더맨이 과거의 빌런들과 맞서며 자신의 정체성과 책임을 다시 고민하게 되는 이야기입니다.
분위기 및 심리변화: 긴박하고 감동적인 분위기 속에서, 주인공은 희생과 책임의 가치를 깨닫습니다."
93,Big Daddy (1999),Comedy,"국가: 미국
줄거리: 무책임한 남성이 갑자기 아버지가 되어 아이와의 유대 관계를 통해 성숙해지는 과정을 그립니다.
분위기 및 심리변화: 유머러스하고 따뜻한 분위기 속에서, 주인공은 책임감과 사랑을 배우며 성장합니다."
94,Memories of Murder (Salinui chueok) (2003),Crime|Drama|Mystery|Thriller,"국가: 한국
줄거리: 이 영화는 화성 연쇄살인사건을 배경으로 사건 해결을 위해 고군분투하는 형사들의 이야기를 다룹니다.
분위기 및 심리변화: 암울한 분위기 속에서, 주인공들은 실패와 좌절을 겪으며 자신의 한계를 깨닫고 무력감을 느낍니다."
95,She Said (2022),Drama,"국가: 미국
줄거리: 성폭력 피해자들의 이야기를 추적하며, 진실을 밝히기 위해 싸우는 기자들의 실화를 다룹니다.
분위기 및 심리변화: 진지하고 감동적인 분위기 속에서, 주인공들은 정의와 진실을 위해 고군분투합니다."
96,Sorry to Bother You (2018),Comedy|Fantasy|Sci-Fi,"국가: 미국
줄거리: 콜센터 직원이 성공을 위해 목소리를 바꾸면서 겪는 사회적 문제와 자아 갈등을 다룹니다.
분위기 및 심리변화: 풍자적이고 독특한 분위기 속에서, 주인공은 자본주의와 자신의 정체성 사이에서 갈등합니다."
97,Rocky (1976),Drama,"국가: 미국
줄거리: 무명 권투 선수 록키가 챔피언과의 경기를 준비하며 자신을 극복해가는 과정을 그립니다.
분위기 및 심리변화: 감동적이고 영감을 주는 분위기 속에서, 주인공은 도전과 끈기의 가치를 깨닫습니다."
98,Predestination (2014),Action|Mystery|Sci-Fi|Thriller,"국가: 미국
줄거리: 시간 여행을 통해 사건을 해결하려는 요원이 자신의 과거와 미래에 얽히게 되는 이야기입니다.
분위기 및 심리변화: 복잡하고 미스터리한 분위기 속에서, 주인공은 운명과 자아에 대한 고뇌를 겪습니다."
99,One Flew Over the Cuckoo's Nest (1975),Drama,"국가: 미국
줄거리: 정신병원에서 일어나는 권력 투쟁과 인간의 자유에 대한 이야기를 그린 고전 영화입니다.
분위기 및 심리변화: 긴장감 넘치고 감정적인 분위기 속에서, 주인공은 자유와 인간성에 대해 고민합니다."
100,The Invitation (2022),Horror|Thriller,"국가: 미국
줄거리: 의문의 초대를 받은 여성이 끔찍한 사건에 휘말리며 서스펜스와 공포를 경험합니다.
분위기 및 심리변화: 긴장감 넘치고 불안한 분위기 속에서, 주인공은 공포와 생존의 갈등을 겪습니다."
101,Dodgeball: A True Underdog Story (2004),Comedy,"국가: 미국
줄거리: 작은 체육관을 지키기 위해 모인 사람들이 도지볼 대회에 참가하여 승리를 목표로 하는 이야기를 그립니다.
분위기 및 심리변화: 유머와 감동이 어우러진 분위기 속에서, 주인공들은 팀워크와 도전의 가치를 배웁니다."
102,Four Weddings and a Funeral (1994),Comedy|Romance,"국가: 영국
줄거리: 여러 결혼식과 장례식을 통해 얽히고설킨 사랑과 우정의 이야기를 다룹니다.
분위기 및 심리변화: 감성적이고 유머러스한 분위기 속에서, 주인공은 사랑과 삶의 의미를 깨닫습니다."
103,Moulin Rouge (2001),Drama|Musical|Romance,"국가: 미국
줄거리: 파리의 물랑 루즈에서 벌어지는 사랑과 비극의 이야기를 그린 뮤지컬 영화입니다.
분위기 및 심리변화: 화려하고 비극적인 분위기 속에서, 주인공들은 사랑과 희생을 경험합니다."
104,A Quiet Place (2018),Drama|Horror|Thriller,"국가: 미국
줄거리: 소리를 내면 공격하는 괴물들로부터 가족을 지키기 위해 고군분투하는 가족의 생존 이야기를 그립니다.
분위기 및 심리변화: 긴장감 넘치고 공포스러운 분위기 속에서, 주인공들은 두려움과 사랑의 갈등을 경험합니다."
105,21 Jump Street (2012),Action|Comedy|Crime,"국가: 미국
줄거리: 경찰들이 고등학교로 잠입해 마약 사건을 조사하는 과정을 유머러스하게 그립니다.
분위기 및 심리변화: 유머와 액션이 가득한 분위기 속에서, 주인공들은 우정과 책임감을 배웁니다."
106,Fear Street Part Two: 1978 (2021),Horror,"국가: 미국
줄거리: 살인마가 등장하는 여름 캠프에서 일어나는 공포스러운 사건을 다룹니다.
분위기 및 심리변화: 공포와 긴장감 넘치는 분위기 속에서, 주인공들은 생존과 용기를 시험받습니다."
107,Catch Me If You Can (2002),Crime|Drama,"국가: 미국
줄거리: 천재적인 사기꾼과 그를 추적하는 FBI 요원의 실화를 바탕으로 한 이야기입니다.
분위기 및 심리변화: 긴박하고 흥미진진한 분위기 속에서, 주인공은 지혜와 자아를 찾는 여정을 겪습니다."
108,Batman Forever (1995),Action|Adventure|Comedy|Crime,"국가: 미국
줄거리: 배트맨이 새로운 빌런들과 맞서 고담시를 지키기 위한 여정을 그립니다.
분위기 및 심리변화: 액션과 긴장감 있는 분위기 속에서, 주인공은 정의와 용기를 다집니다."
109,Happiest Season (2020),Comedy|Romance,"국가: 미국
줄거리: 연인의 가족과 함께하는 크리스마스 동안 커밍아웃 문제를 다룬 로맨틱 코미디입니다.
분위기 및 심리변화: 유쾌하면서도 감동적인 분위기 속에서, 주인공은 자신과 가족의 수용에 대해 고민합니다."
110,Elemental (2023),Animation|Children|Comedy|Fantasy|Romance,"국가: 미국
줄거리: 서로 다른 성질을 가진 요소들이 공존하며 화합과 이해를 배우는 이야기를 그립니다.
분위기 및 심리변화: 따뜻하고 교훈적인 분위기 속에서, 주인공들은 차이를 극복하고 조화를 찾습니다."
111,Gangs of New York (2002),Crime|Drama,"국가: 미국
줄거리: 19세기 뉴욕의 범죄와 복수를 다룬 이야기로, 아일랜드 이민자와 토착 세력 간의 갈등을 그립니다.
분위기 및 심리변화: 어둡고 잔인한 분위기 속에서, 주인공은 복수와 정의 사이에서 갈등합니다."
112,Spider-Man: Across the Spider-Verse (2023),Action|Adventure|Animation|Sci-Fi,"국가: 미국
줄거리: 마일스 모랄레스가 다양한 스파이더맨들과 함께 다중우주에서 위협에 맞서는 이야기입니다.
분위기 및 심리변화: 스릴 넘치고 감동적인 분위기 속에서, 주인공은 책임감과 협력의 중요성을 배웁니다."
113,In the Mood For Love (Fa yeung nin wa) (2000),Drama|Romance,"국가: 홍콩
줄거리: 이 영화는 불륜으로 연결된 두 남녀가 서로의 감정을 억누르며 가까워지는 이야기를 다룹니다.
분위기 및 심리변화: 우아하고 감성적인 분위기 속에서, 주인공들은 사랑과 도덕적 갈등 속에서 복잡한 심리적 변화를 겪습니다."
114,Beau Is Afraid (2023),Adventure|Comedy|Fantasy,"국가: 미국
줄거리: 주인공이 트라우마와 두려움을 극복하려는 과정을 통해 자신을 발견하는 이야기를 그립니다.
분위기 및 심리변화: 불안하고 독특한 분위기 속에서, 주인공은 내면의 공포와 맞서며 성장합니다."
115,Django Unchained (2012),Action|Drama|Western,"국가: 미국
줄거리: 노예였던 남자가 해방된 후 복수를 다짐하고, 자신을 억압했던 자들을 찾아가는 여정을 그립니다.
분위기 및 심리변화: 긴장감 넘치고 강렬한 분위기 속에서, 주인공은 정의와 복수를 경험합니다."
116,Guns Akimbo (2020),Action|Comedy,"국가: 뉴질랜드
줄거리: 평범한 남자가 우연히 살인 게임에 참여하게 되어 생존을 위해 싸우는 과정을 그립니다.
분위기 및 심리변화: 긴박하고 블랙 코미디적인 분위기 속에서, 주인공은 두려움과 생존 본능을 마주합니다."
117,Mission: Impossible - Fallout (2018),Action|Adventure|Thriller,"국가: 미국
줄거리: 에단 헌트와 팀이 세계를 위협하는 위험한 무기를 막기 위해 목숨을 건 임무를 수행합니다.
분위기 및 심리변화: 스릴과 액션이 가득한 분위기 속에서, 주인공은 책임감과 희생정신을 다집니다."
118,Men (2022),Drama|Horror|Mystery,"국가: 영국
줄거리: 남편의 죽음 이후 외딴 마을로 떠난 여성이 점차 그곳의 기이한 현상과 맞서 싸우게 됩니다.
분위기 및 심리변화: 불안하고 공포스러운 분위기 속에서, 주인공은 두려움과 고통을 마주하며 성장합니다."
119,Juno (2007),Comedy|Drama|Romance,"국가: 미국
줄거리: 10대 소녀가 임신을 경험하며 자신의 삶과 가족, 친구들과의 관계를 돌아보는 이야기를 그립니다.
분위기 및 심리변화: 유머와 따뜻함이 어우러진 분위기 속에서, 주인공은 성숙과 책임을 배우게 됩니다."
120,Batman Returns (1992),Action|Crime,"국가: 미국
줄거리: 배트맨이 고담시에 등장한 새로운 빌런들과 싸우며 도시를 지키려는 과정을 그립니다.
분위기 및 심리변화: 어둡고 긴장감 넘치는 분위기 속에서, 주인공은 정의와 고독을 다시 확인합니다."
121,Seven (a.k.a. Se7en) (1995),Mystery|Thriller,"국가: 미국
줄거리: 두 형사가 일곱 가지 죄악을 모티브로 한 연쇄 살인 사건을 추적하는 과정을 그립니다.
분위기 및 심리변화: 어둡고 긴장감 넘치는 분위기 속에서, 주인공들은 정의와 인간의 악에 대한 고뇌를 경험합니다."
122,Jack Reacher (2012),Action|Crime|Thriller,"국가: 미국
줄거리: 전직 군인 잭 리처가 의문의 살인 사건을 해결하며 진실을 밝혀내려는 과정을 그립니다.
분위기 및 심리변화: 스릴 넘치고 액션 가득한 분위기 속에서, 주인공은 정의와 복수를 다짐합니다."
123,Passengers (2016),Adventure|Drama|Romance|Sci-Fi,"국가: 미국
줄거리: 우주선에서 예기치 않게 깨어난 두 승객이 생존을 위해 협력하는 이야기를 그립니다.
분위기 및 심리변화: 서정적이고 감성적인 분위기 속에서, 주인공들은 사랑과 희생을 경험합니다."
124,Avatar: The Way of Water (2022),Action|Adventure|Sci-Fi,"국가: 미국
줄거리: 판도라의 바다와 새로운 문명 속에서 제이크와 네이티리가 가족을 지키기 위한 여정을 그립니다.
분위기 및 심리변화: 화려하고 감동적인 분위기 속에서, 주인공들은 가족과 생명의 소중함을 깨닫습니다."
125,John Wick: Chapter 4 (2023),Action|Crime|Thriller,"국가: 미국
줄거리: 존 윅은 자신을 노리는 수많은 적들과 치열한 싸움을 벌이며 자신의 자유와 평화를 찾기 위해 고군분투합니다.
분위기 및 심리변화: 강렬하고 어두운 분위기 속에서, 주인공은 복수와 생존 사이에서 내면의 갈등을 겪습니다."
126,Two Brothers (Deux frères) (2004),Adventure|Children|Drama,"국가: 프랑스
줄거리: 이 영화는 야생으로 돌아가기 위해 노력하는 호랑이 형제의 여정을 그립니다.
분위기 및 심리변화: 따뜻하면서도 드라마틱한 분위기 속에서, 형제들은 인간에 대한 두려움과 신뢰를 번갈아 경험하며 성장합니다."
127,Goodfellas (1990),Crime|Drama,"국가: 미국
줄거리: 한 남자가 갱스터 세계에 입문하고 점차 범죄의 세계에 빠져드는 과정을 그립니다.
분위기 및 심리변화: 현실적이고 어두운 분위기 속에서, 주인공은 욕망과 배신의 심리를 경험합니다."
128,Red Sparrow (2018),Thriller,"국가: 미국
줄거리: 러시아의 스파이가 된 발레리나가 위험한 임무를 수행하며 생존을 위해 싸우는 과정을 그립니다.
분위기 및 심리변화: 긴장감 넘치고 음모가 가득한 분위기 속에서, 주인공은 자기 보호와 충성심 사이에서 갈등합니다."
129,House of Gucci (2021),Crime|Drama,"국가: 미국
줄거리: 구찌 패션 가문 내의 배신과 복수를 다룬 실화 기반의 드라마입니다.
분위기 및 심리변화: 화려하면서도 어두운 분위기 속에서, 주인공들은 권력과 욕망의 갈등을 겪습니다."
130,Black Panther: Wakanda Forever (2022),Action|Adventure|Sci-Fi,"국가: 미국
줄거리: 와칸다의 왕국이 새로운 위협에 맞서 싸우며 영웅으로서의 사명을 다하는 과정을 그립니다.
분위기 및 심리변화: 감동적이고 영웅적인 분위기 속에서, 주인공들은 용기와 연대의 가치를 깨닫습니다."
131,"Lord of the Rings: The Two Towers, The (2002)",Adventure|Fantasy,"국가: 미국
줄거리: 반지의 제왕을 소유한 프로도와 친구들이 어둠의 세력에 맞서 싸우기 위한 여정을 그립니다.
분위기 및 심리변화: 장엄하고 서사적인 분위기 속에서, 주인공들은 용기와 우정을 다시 확인합니다."
132,Catch Me If You Can (2002),Crime|Drama,"국가: 미국
줄거리: 천재적인 사기꾼과 그를 추적하는 FBI 요원의 실화를 바탕으로 한 이야기입니다.
분위기 및 심리변화: 긴박하고 흥미진진한 분위기 속에서, 주인공은 지혜와 자아를 찾는 여정을 겪습니다."
133,Nightcrawler (2014),Crime|Drama|Thriller,"국가: 미국
줄거리: 범죄 사건을 촬영하는 프리랜서 기자가 자극적인 장면을 얻기 위해 도덕적 경계를 넘나드는 이야기를 그립니다.
분위기 및 심리변화: 긴장감 넘치고 어두운 분위기 속에서, 주인공은 탐욕과 윤리적 갈등을 경험합니다."
134,Beerfest (2006),Comedy,"국가: 미국
줄거리: 맥주 대회에 참가해 가족의 명예를 회복하려는 두 형제가 벌이는 코미디 이야기입니다.
분위기 및 심리변화: 유머러스하고 활기찬 분위기 속에서, 주인공들은 팀워크와 승부의 가치를 배웁니다."
135,John Wick: Chapter 4 (2023),Action|Crime|Thriller,"국가: 미국
줄거리: 존 윅은 자신을 노리는 수많은 적들과 치열한 싸움을 벌이며 자신의 자유와 평화를 찾기 위해 고군분투합니다.
분위기 및 심리변화: 강렬하고 어두운 분위기 속에서, 주인공은 복수와 생존 사이에서 내면의 갈등을 겪습니다."
136,Fight Club (1999),Action|Crime|Drama|Thriller,"국가: 미국
줄거리: 익명의 남성이 복잡한 삶을 벗어나기 위해 파이트 클럽을 만들고, 삶의 의미를 다시 찾으려는 이야기를 그립니다.
분위기 및 심리변화: 어둡고 철학적인 분위기 속에서, 주인공은 정체성과 현실에 대한 내적 갈등을 겪습니다."
137,3 Idiots (2009),Comedy|Drama|Romance,"국가: 인도
줄거리: 세 명의 친구들이 교육 시스템과 자신의 꿈에 맞서는 이야기를 그린 코미디 드라마입니다.
분위기 및 심리변화: 감동적이고 유머러스한 분위기 속에서, 주인공들은 우정과 꿈의 가치를 깨닫습니다."
138,Gone Baby Gone (2007),Crime|Drama|Mystery,"국가: 미국
줄거리: 한 소녀의 실종 사건을 조사하는 두 탐정이 도덕적 딜레마에 직면하는 이야기입니다.
분위기 및 심리변화: 긴장감 넘치고 감정적으로 복잡한 분위기 속에서, 주인공들은 정의와 윤리적 갈등을 겪습니다."
139,John Wick: Chapter 4 (2023),Action|Crime|Thriller,"국가: 미국
줄거리: 존 윅은 자신을 노리는 수많은 적들과 치열한 싸움을 벌이며 자신의 자유와 평화를 찾기 위해 고군분투합니다.
분위기 및 심리변화: 강렬하고 어두운 분위기 속에서, 주인공은 복수와 생존 사이에서 내면의 갈등을 겪습니다."
140,Black Panther: Wakanda Forever (2022),Action|Adventure|Sci-Fi,"국가: 미국
줄거리: 와칸다의 왕국이 새로운 위협에 맞서 싸우며 영웅으로서의 사명을 다하는 과정을 그립니다.
분위기 및 심리변화: 감동적이고 영웅적인 분위기 속에서, 주인공들은 용기와 연대의 가치를 깨닫습니다."
141,Oppenheimer (2023),Drama,"국가: 미국
줄거리: 원자폭탄 개발의 역사적 순간을 다룬 영화로, 과학자 오펜하이머의 삶과 도덕적 갈등을 그립니다.
분위기 및 심리변화: 진지하고 역사적인 분위기 속에서, 주인공은 책임감과 윤리적 갈등을 경험합니다."
142,"Shining, The (1980)",Horror,"국가: 미국
줄거리: 이 영화는 고립된 호텔에서 점차 광기에 빠져드는 한 남자의 이야기를 다룹니다.
분위기 및 심리변화: 음산하고 긴장감 넘치는 분위기 속에서, 주인공은 내적 혼란과 정신적 붕괴를 겪으며 가족을 위협하게 됩니다."
143,Oppenheimer (2023),Drama,"국가: 미국
줄거리: 원자폭탄 개발의 역사적 순간을 다룬 영화로, 과학자 오펜하이머의 삶과 도덕적 갈등을 그립니다.
분위기 및 심리변화: 진지하고 역사적인 분위기 속에서, 주인공은 책임감과 윤리적 갈등을 경험합니다."
144,Star Wars: The Last Jedi (2017),Action|Adventure|Fantasy|Sci-Fi,"국가: 미국
줄거리: 루크 스카이워커가 포스를 배우고 새로운 제다이를 양성하며 은하계의 위협에 맞서는 이야기를 그립니다.
분위기 및 심리변화: 영웅적이고 서사적인 분위기 속에서, 주인공은 희생과 용기를 배웁니다."
145,Doctor Strange (2016),Action|Adventure|Sci-Fi,"국가: 미국
줄거리: 사고로 인해 삶이 바뀐 외과 의사가 마법 세계에 입문하며 새로운 능력을 얻게 되는 이야기를 그립니다.
분위기 및 심리변화: 신비롭고 환상적인 분위기 속에서, 주인공은 자신의 한계를 뛰어넘고 희생을 배웁니다."
146,Pain & Gain (2013),Action|Comedy|Crime,"국가: 미국
줄거리: 피트니스 트레이너들이 부자가 되기 위해 범죄를 저지르는 과정을 다룬 실화 기반 영화입니다.
분위기 및 심리변화: 블랙 코미디적인 분위기 속에서, 주인공들은 탐욕과 도덕적 타락을 경험합니다."
147,Mission: Impossible - Dead Reckoning Part One (2023),Action|Adventure|Thriller,"국가: 미국
줄거리: 에단 헌트와 그의 팀이 세계적인 위협을 막기 위해 목숨을 건 임무를 수행합니다.
분위기 및 심리변화: 긴장감 넘치고 액션 가득한 분위기 속에서, 주인공은 용기와 희생을 다짐합니다."
148,Big Hero 6 (2014),Action|Animation|Comedy,"국가: 미국
줄거리: 천재 소년이 로봇 친구와 함께 도시를 구하기 위한 슈퍼히어로 팀을 결성하는 이야기를 그립니다.
분위기 및 심리변화: 따뜻하고 감동적인 분위기 속에서, 주인공은 팀워크와 희생의 가치를 배웁니다."
149,"Monsters, Inc. (2001)",Adventure|Animation|Children|Comedy|Fantasy,"국가: 미국
줄거리: 몬스터들이 아이들의 비명을 에너지로 사용하는 회사에서 벌어지는 유쾌한 이야기를 다룹니다.
분위기 및 심리변화: 유머러스하고 따뜻한 분위기 속에서, 주인공들은 우정과 책임의 가치를 배웁니다."
150,"Hunt, The (Jagten) (2012)",Drama,"국가: 덴마크
줄거리: 이 영화는 어린아이의 거짓말로 인해 한 남자가 사회적 고립과 억울함 속에서 고통받는 이야기를 다룹니다.
분위기 및 심리변화: 무거운 분위기 속에서, 주인공은 절망 속에서도 자신의 결백을 증명하려는 강인한 의지를 보입니다."
151,"Notebook, The (2004)",Drama|Romance,"국가: 미국
줄거리: 이 영화는 계층 차이를 넘어선 두 남녀의 사랑과 평생에 걸친 유대감을 그립니다.
분위기 및 심리변화: 감동적이고 낭만적인 분위기 속에서, 주인공들은 사랑을 통해 서로의 삶을 변화시키며 어려움을 극복합니다."
152,John Wick: Chapter 4 (2023),Action|Crime|Thriller,"국가: 미국
줄거리: 존 윅은 자신을 노리는 수많은 적들과 치열한 싸움을 벌이며 자신의 자유와 평화를 찾기 위해 고군분투합니다.
분위기 및 심리변화: 강렬하고 어두운 분위기 속에서, 주인공은 복수와 생존 사이에서 내면의 갈등을 겪습니다."
153,Guardians of the Galaxy Volume 3 (2023),Action|Adventure|Sci-Fi,"국가: 미국
줄거리: 은하를 지키기 위해 다양한 배경을 가진 영웅들이 함께하는 마지막 여정을 그립니다.
분위기 및 심리변화: 유머와 감동이 어우러진 분위기 속에서, 주인공들은 팀워크와 희생을 경험합니다."
154,JoJo's Bizarre Adventure: Diamond Is Unbreakable - Chapter 1 (2017),Action|Adventure,"국가: 일본
줄거리: 초능력을 가진 소년이 마을을 위협하는 적과 싸우며 친구들과 협력하는 이야기를 그립니다.
분위기 및 심리변화: 유머와 액션이 어우러진 분위기 속에서, 주인공은 용기와 우정의 가치를 배웁니다."
155,The King's Man (2020),Action|Adventure|Comedy,"국가: 영국
줄거리: 왕립 비밀 정보국이 결성되는 과정을 다루며, 제1차 세계대전을 배경으로 비밀 임무가 펼쳐집니다.
분위기 및 심리변화: 스릴 넘치고 역사적인 분위기 속에서, 주인공들은 용기와 희생정신을 발휘합니다."
156,Run (2020),Thriller,"국가: 미국
줄거리: 보호받고 자란 딸이 엄마의 비밀을 알아내고 진실을 파헤치며 벌어지는 서스펜스 스릴러입니다.
분위기 및 심리변화: 긴장감 넘치고 공포스러운 분위기 속에서, 주인공은 진실과 생존을 위한 결단을 다집니다."
157,Cars (2006),Animation|Children|Comedy,"국가: 미국
줄거리: 성공만을 꿈꾸던 자동차가 소도시에서 새로운 인연을 만나면서 우정과 삶의 가치를 배워가는 이야기입니다.
분위기 및 심리변화: 유쾌하고 따뜻한 분위기 속에서, 주인공은 우정과 겸손의 가치를 배웁니다."
158,"Rock, The (1996)",Action|Adventure|Thriller,"국가: 미국
줄거리: 이 영화는 금지된 생화학 무기를 이용한 테러를 막기 위해 고군분투하는 주인공들의 이야기를 다룹니다.
분위기 및 심리변화: 강렬하고 긴박한 분위기 속에서, 주인공들은 두려움을 극복하고 영웅적 결단으로 위기를 해결합니다."
159,The Endless (2017),Horror|Sci-Fi|Thriller,"국가: 미국
줄거리: 두 형제가 어린 시절 탈출했던 종교 집단으로 돌아가면서 겪는 초자연적 사건을 그립니다.
분위기 및 심리변화: 미스터리하고 불안한 분위기 속에서, 주인공들은 과거와의 갈등을 마주하며 진실을 탐구합니다."
160,Rampage (2018),Action|Adventure|Sci-Fi,"국가: 미국
줄거리: 유전자 변형으로 거대 괴수가 된 동물들이 도시를 위협하자, 이를 막기 위해 싸우는 주인공의 이야기를 그립니다.
분위기 및 심리변화: 액션과 스릴 넘치는 분위기 속에서, 주인공은 용기와 책임감을 발휘합니다."
161,Oppenheimer (2023),Drama,"국가: 미국
줄거리: 원자폭탄 개발의 역사적 순간을 다룬 영화로, 과학자 오펜하이머의 삶과 도덕적 갈등을 그립니다.
분위기 및 심리변화: 진지하고 역사적인 분위기 속에서, 주인공은 책임감과 윤리적 갈등을 경험합니다."
162,Guardians of the Galaxy Volume 3 (2023),Action|Adventure|Sci-Fi,"국가: 미국
줄거리: 은하를 지키기 위해 다양한 배경을 가진 영웅들이 함께하는 마지막 여정을 그립니다.
분위기 및 심리변화: 유머와 감동이 어우러진 분위기 속에서, 주인공들은 팀워크와 희생을 경험합니다."
163,The Hateful Eight (2015),Western,"국가: 미국
줄거리: 서로 다른 배경을 가진 여덟 명이 폭설에 갇혀 긴장감 넘치는 상황을 맞이하는 서부 스릴러입니다.
분위기 및 심리변화: 긴장감 넘치고 음산한 분위기 속에서, 주인공들은 신뢰와 배신 사이에서 갈등합니다."
164,Cocaine Bear (2023),Comedy|Crime|Thriller,"국가: 미국
줄거리: 코카인을 흡입한 곰이 마을을 휘젓고 다니는 코미디 스릴러입니다.
분위기 및 심리변화: 유머러스하고 스릴 넘치는 분위기 속에서, 주인공들은 생존을 위해 싸웁니다."
165,Saw II (2005),Horror|Thriller,"국가: 미국
줄거리: 살인마 직쏘의 두 번째 덫에 빠진 사람들이 목숨을 걸고 탈출하려는 과정을 그립니다.
분위기 및 심리변화: 공포스럽고 긴장감 넘치는 분위기 속에서, 주인공들은 생존과 두려움의 갈등을 경험합니다."
166,The Greatest Showman (2017),Drama,"국가: 미국
줄거리: 쇼 비즈니스의 시작을 이끈 한 남자의 열정과 도전 정신을 그린 뮤지컬 영화입니다.
분위기 및 심리변화: 활기차고 감동적인 분위기 속에서, 주인공은 꿈과 인내의 가치를 깨닫습니다."
167,Whiplash (2013),(no genres listed),"국가: 미국
줄거리: 젊은 드러머가 완벽을 추구하는 가혹한 스승과 함께 극한의 연습을 견디며 음악적 성취를 이룬다.
분위기 및 심리변화: 긴장감 넘치고 강렬한 분위기 속에서, 주인공은 열정과 자기 희생의 의미를 배웁니다."
168,Guardians of the Galaxy Volume 3 (2023),Action|Adventure|Sci-Fi,"국가: 미국
줄거리: 은하를 지키기 위해 다양한 배경을 가진 영웅들이 함께하는 마지막 여정을 그립니다.
분위기 및 심리변화: 유머와 감동이 어우러진 분위기 속에서, 주인공들은 팀워크와 희생을 경험합니다."
169,Dunkirk (2017),Action|Drama|Thriller|War,"국가: 영국
줄거리: 제2차 세계대전 중 덩케르크 철수 작전에서 생존을 위해 고군분투하는 군인들의 이야기를 그립니다.
분위기 및 심리변화: 긴박하고 서사적인 분위기 속에서, 주인공들은 생존과 희생의 가치를 경험합니다."
170,Night at the Museum (2006),Action|Comedy|Fantasy|IMAX,"국가: 미국
줄거리: 박물관 야간 경비원이 전시물들이 살아나는 신비로운 사건을 겪으며 벌어지는 코미디 모험 영화입니다.
분위기 및 심리변화: 유쾌하고 모험적인 분위기 속에서, 주인공은 호기심과 책임감을 배웁니다."
171,Spider-Man: Across the Spider-Verse (2023),Action|Adventure|Animation|Sci-Fi,"국가: 미국
줄거리: 마일스 모랄레스가 다양한 스파이더맨들과 함께 다중우주에서 위협에 맞서는 이야기입니다.
분위기 및 심리변화: 스릴 넘치고 감동적인 분위기 속에서, 주인공은 책임감과 협력의 중요성을 배웁니다."
172,John Wick (2014),Action|Thriller,"국가: 미국
줄거리: 전직 암살자 존 윅이 과거를 떠나려 하지만, 사랑하는 존재를 잃고 복수를 위해 다시 무대에 복귀하는 이야기입니다.
분위기 및 심리변화: 강렬하고 어두운 분위기 속에서, 주인공은 복수심과 생존 본능을 다짐합니다."
sunjae,Howl's Moving Castle (Hauru no ugoku shiro) (2004),Adventure|Animation|Fantasy|Romance,"국가: 일본
줄거리: 마법으로 인해 나이 든 모습이 된 소녀가 마법사 하울과 함께 모험을 떠나는 이야기를 그립니다.
분위기 및 심리변화: 환상적이고 감성적인 분위기 속에서, 주인공은 사랑과 용기를 배웁니다."
174,American Beauty (1999),Drama|Romance,"국가: 미국
줄거리: 중년 남성이 일상에서 벗어나 자유를 추구하며 자신의 삶을 되돌아보는 과정을 그립니다.
분위기 및 심리변화: 감성적이고 풍자적인 분위기 속에서, 주인공은 인생과 자아를 되찾으려 합니다."
175,"Fugitive, The (1993)",Thriller,"국가: 미국
줄거리: 이 영화는 살인 누명을 쓴 한 남자가 자신의 결백을 증명하기 위해 도망치며 진실을 밝히는 여정을 그린다.
분위기 및 심리변화: 긴박하고 스릴 넘치는 분위기 속에서, 주인공은 절망에서 희망으로 변화하며 끈기와 용기를 보여준다."
176,"Road Warrior, The (Mad Max 2) (1981)",Action|Adventure|Sci-Fi|Thriller,"국가: 호주
줄거리: 이 영화는 황폐해진 미래에서 희귀한 자원을 둘러싸고 벌어지는 생존과 희생의 이야기를 담고 있다.
분위기 및 심리변화: 거칠고 폭력적인 분위기 속에서, 주인공은 고독한 생존자에서 공동체를 위해 헌신하는 영웅으로 변화한다."
177,Carrie (1976),Drama|Fantasy|Horror|Thriller,"국가: 미국
줄거리: 초능력을 가진 소녀가 학교에서의 괴롭힘과 학대를 복수하는 공포 스릴러입니다.
분위기 및 심리변화: 공포스럽고 긴장감 넘치는 분위기 속에서, 주인공은 억눌린 감정과 복수심을 표출합니다."
178,Triangle of Sadness (2022),Comedy|Drama,"국가: 스웨덴
줄거리: 부유한 사람들이 탄 호화 크루즈에서 벌어지는 풍자적인 이야기를 통해 사회적 이슈를 다룹니다.
분위기 및 심리변화: 풍자적이고 불편한 분위기 속에서, 주인공들은 자아와 사회적 역할에 대한 갈등을 겪습니다."
179,Mission: Impossible - Fallout (2018),Action|Adventure|Thriller,"국가: 미국
줄거리: 에단 헌트와 팀이 세계를 위협하는 위험한 무기를 막기 위해 목숨을 건 임무를 수행합니다.
분위기 및 심리변화: 스릴과 액션이 가득한 분위기 속에서, 주인공은 책임감과 희생정신을 다집니다."
180,Dune (2021),Action|Adventure|Drama|Sci-Fi,"국가: 미국
줄거리: 사막 행성에서 자원을 둘러싸고 벌어지는 정치적 갈등과 주인공의 성장 이야기를 그립니다.
분위기 및 심리변화: 장엄하고 서사적인 분위기 속에서, 주인공은 용기와 운명에 맞서며 성장합니다."
181,Goodfellas (1990),Crime|Drama,"국가: 미국
줄거리: 한 남자가 갱스터 세계에 입문하고 점차 범죄의 세계에 빠져드는 과정을 그립니다.
분위기 및 심리변화: 현실적이고 어두운 분위기 속에서, 주인공은 욕망과 배신의 심리를 경험합니다."
182,Galaxy Quest (1999),Adventure|Comedy|Sci-Fi,"국가: 미국
줄거리: 과거 인기 TV 쇼의 배우들이 실제 우주 모험에 참여하게 되며 벌어지는 유쾌한 이야기를 그립니다.
분위기 및 심리변화: 유머러스하고 모험적인 분위기 속에서, 주인공들은 진정한 용기를 배우게 됩니다."
183,Deadpool 2 (2018),Action|Comedy|Sci-Fi,"국가: 미국
줄거리: 악당들을 물리치고자 하는 반영웅 데드풀이 더 강력한 적과 맞서 싸우는 이야기를 그립니다.
분위기 및 심리변화: 유머와 액션이 가득한 분위기 속에서, 주인공은 자기 희생과 팀워크의 가치를 배웁니다."
184,Legally Blonde (2001),Comedy|Romance,"국가: 미국
줄거리: 금발 소녀가 법대를 통해 편견을 깨고 자신의 능력을 증명하는 과정을 그린 코미디입니다.
분위기 및 심리변화: 유쾌하고 영감을 주는 분위기 속에서, 주인공은 자신감과 지혜를 배웁니다."
185,Lamb (2021),Drama|Mystery,"국가: 아이슬란드
줄거리: 양이 사람과 같은 형상을 한 아기를 낳으며 부부가 이상한 사건을 겪는 공포 영화입니다.
분위기 및 심리변화: 불안하고 기이한 분위기 속에서, 주인공은 가족과 고독의 의미를 되새깁니다."
186,The Founder (2016),Drama,"국가: 미국
줄거리: 맥도날드 프랜차이즈를 설립한 남자의 성공과 탐욕의 이야기를 다룹니다.
분위기 및 심리변화: 현실적이고 영감을 주는 분위기 속에서, 주인공은 욕망과 성공을 향한 집념을 드러냅니다."
187,Midnight Run (1988),Action|Comedy|Crime|Thriller,"국가: 미국
줄거리: 현상금 사냥꾼이 도망자를 잡아오며 벌어지는 유쾌한 도주극입니다.
분위기 및 심리변화: 유머러스하고 스릴 넘치는 분위기 속에서, 주인공은 신뢰와 우정의 가치를 배웁니다."
188,Finding Dory (2016),Adventure|Animation|Comedy,"국가: 미국
줄거리: 기억상실증이 있는 물고기 도리가 자신의 가족을 찾기 위한 여정을 그립니다.
분위기 및 심리변화: 따뜻하고 감동적인 분위기 속에서, 주인공은 가족과 우정의 소중함을 깨닫습니다."
189,Toy Story 3 (2010),Adventure|Animation|Children|Comedy|Fantasy|IMAX,"국가: 미국
줄거리: 장난감들이 주인과의 이별을 맞이하며 새로운 삶을 시작하는 이야기를 그립니다.
분위기 및 심리변화: 감동적이고 성숙한 분위기 속에서, 주인공들은 우정과 희생을 배웁니다."
190,Jack Reacher (2012),Action|Crime|Thriller,"국가: 미국
줄거리: 전직 군인 잭 리처가 의문의 살인 사건을 해결하며 진실을 밝혀내려는 과정을 그립니다.
분위기 및 심리변화: 스릴 넘치고 액션 가득한 분위기 속에서, 주인공은 정의와 복수를 다짐합니다."
191,Upgrade (2018),Action|Comedy|Horror|Sci-Fi|Thriller,"국가: 미국
줄거리: 테크놀로지로 인해 초능력을 얻은 남자가 범죄에 맞서 싸우는 이야기를 다룹니다.
분위기 및 심리변화: 어둡고 스릴 넘치는 분위기 속에서, 주인공은 복수와 인간성 사이에서 갈등합니다."
192,"Blind Side, The  (2009)",Drama,"국가: 미국
줄거리: 이 영화는 한 가정이 어려움에 처한 청소년을 돕고 그의 재능을 발견하며 성공으로 이끄는 과정을 그린다.
분위기 및 심리변화: 감동적이고 희망적인 분위기 속에서, 주인공은 불안과 소외감에서 자신감과 사랑으로 변화한다."
193,Barbarian (2022),Horror|Thriller,"국가: 미국
줄거리: 임시 거주지에서 이상한 현상을 경험하며 공포를 겪는 주인공의 이야기입니다.
분위기 및 심리변화: 긴장감 넘치고 공포스러운 분위기 속에서, 주인공은 두려움과 생존을 다짐합니다."
194,Aladdin (1992),Adventure|Animation|Children|Comedy|Musical,"국가: 미국
줄거리: 거리의 소년 알라딘이 마법의 램프를 통해 사랑과 모험을 찾는 이야기를 그립니다.
분위기 및 심리변화: 유쾌하고 판타지적인 분위기 속에서, 주인공은 사랑과 용기를 배웁니다."
195,Gunpowder Milkshake (2021),Action|Adventure|Thriller,"국가: 미국
줄거리: 여성이 킬러가 되어 어머니와 함께 조직에 맞서는 액션 영화입니다.
분위기 및 심리변화: 강렬하고 스타일리시한 분위기 속에서, 주인공은 복수와 가족의 가치를 배웁니다."
196,Moulin Rouge (2001),Drama|Musical|Romance,"국가: 미국
줄거리: 파리의 물랑 루즈에서 벌어지는 사랑과 비극의 이야기를 그린 뮤지컬 영화입니다.
분위기 및 심리변화: 화려하고 비극적인 분위기 속에서, 주인공들은 사랑과 희생을 경험합니다."
197,Parasite (2019),Comedy|Drama,"국가: 한국
줄거리: 한 가난한 가족이 부유한 집에 취업하면서 두 가족 간의 갈등과 비극이 벌어지는 이야기입니다.
분위기 및 심리변화: 어둡고 현실적인 분위기 속에서, 주인공들은 욕망과 계급 갈등을 경험합니다."
198,The Lighthouse (2019),Drama|Fantasy|Horror,"국가: 미국
줄거리: 외딴 섬에서 등대지기 두 사람이 고립 속에서 미쳐가는 과정을 그린 심리 스릴러입니다.
분위기 및 심리변화: 불안하고 긴장감 넘치는 분위기 속에서, 주인공들은 고립과 광기를 겪습니다."
199,"Green Mile, The (1999)",Crime|Drama,"국가: 미국
줄거리: 이 영화는 초자연적 능력을 가진 사형수와 교도소 경비원 사이의 특별한 유대를 중심으로 전개된다.
분위기 및 심리변화: 감동적이고 비극적인 분위기 속에서, 주인공은 인간애와 정의에 대한 깊은 깨달음을 얻는다."
200,Journey to the Center of the Earth (2008),Action|Adventure|Sci-Fi,"국가: 미국
줄거리: 탐험가들이 지구의 중심을 향해 모험을 떠나며 신비한 세계를 발견하는 이야기입니다.
분위기 및 심리변화: 흥미롭고 모험적인 분위기 속에서, 주인공들은 호기심과 용기를 발휘합니다."
201,Old Boy (2003),Mystery|Thriller,"국가: 한국
줄거리: 15년간 감금된 후 풀려난 남자가 복수를 위해 진실을 파헤치는 이야기입니다.
분위기 및 심리변화: 어두운 분위기 속에서, 주인공은 분노와 복수심에 사로잡힙니다."
202,Thor: Love and Thunder (2022),Action|Adventure|Fantasy,"국가: 미국
줄거리: 토르는 새로운 위협에 맞서 싸우며, 과거의 연인과 재회해 사랑과 영웅으로서의 역할을 다시 고민합니다.
분위기 및 심리변화: 유머러스하고 액션 가득한 분위기 속에서, 주인공은 용기와 사랑을 되찾습니다."
203,Twelve Angry Men (1954),Drama,"국가: 미국
줄거리: 살인 사건의 배심원들이 피고인의 유죄 여부를 두고 격렬한 토론을 벌이는 심리 드라마입니다.
분위기 및 심리변화: 긴장감 넘치는 분위기 속에서, 주인공들은 편견과 정의에 대해 고민합니다."
204,"Karate Kid, The (2010)",Action|Children|Drama,"국가: 미국, 중국
줄거리: 이 영화는 새로운 환경에 적응하려는 소년이 무술을 배우며 성장하는 이야기를 다룬다.
분위기 및 심리변화: 희망적이고 영감을 주는 분위기 속에서, 주인공은 두려움에서 자신감을 얻으며 용기를 배운다."
205,Mulholland Dr. (1999),Drama|Mystery|Romance,"국가: 미국
줄거리: 젊은 여성이 기억을 잃은 채 할리우드에서 겪는 미스터리와 환상의 이야기를 다룹니다.
분위기 및 심리변화: 불안하고 신비로운 분위기 속에서, 주인공은 자아와 현실의 경계를 탐구합니다."
206,Speed (1994),Action|Romance|Thriller,"국가: 미국
줄거리: 폭탄이 설치된 버스를 제 시간에 구출하기 위해 경찰이 고군분투하는 액션 스릴러입니다.
분위기 및 심리변화: 긴박하고 스릴 넘치는 분위기 속에서, 주인공은 책임감과 용기를 발휘합니다."
207,School of Rock (2003),Comedy|Musical,"국가: 미국
줄거리: 실패한 록 뮤지션이 교사로 위장해 학생들과 함께 밴드를 결성하며 꿈을 찾는 이야기를 그립니다.
분위기 및 심리변화: 유쾌하고 열정적인 분위기 속에서, 주인공과 학생들은 음악과 자기 발견의 기쁨을 느낍니다."
208,Casino (1995),Crime|Drama,"국가: 미국
줄거리: 라스베이거스의 카지노에서 권력과 배신을 둘러싼 갱스터들의 이야기를 그립니다.
분위기 및 심리변화: 어두운 분위기 속에서, 주인공들은 욕망과 배신의 갈등을 겪습니다."
209,Baby Driver (2017),Action|Crime|Thriller,"국가: 미국
줄거리: 음악에 맞춰 운전을 하는 천재 드라이버가 범죄 조직을 탈출하려는 이야기를 그립니다.
분위기 및 심리변화: 스릴 넘치고 스타일리시한 분위기 속에서, 주인공은 자유와 자기 결단을 다짐합니다."
210,Black Panther: Wakanda Forever (2022),Action|Adventure|Sci-Fi,"국가: 미국
줄거리: 와칸다의 왕국이 새로운 위협에 맞서 싸우며 영웅으로서의 사명을 다하는 과정을 그립니다.
분위기 및 심리변화: 감동적이고 영웅적인 분위기 속에서, 주인공들은 용기와 연대의 가치를 깨닫습니다."
211,Whiplash (2014),Drama,"국가: 미국
줄거리: 젊은 드러머가 완벽을 추구하는 가혹한 스승과 함께 극한의 연습을 견디며 음악적 성취를 이룬다.
분위기 및 심리변화: 긴장감 넘치고 강렬한 분위기 속에서, 주인공은 열정과 자기 희생의 의미를 배웁니다."
212,In the Mood For Love (Fa yeung nin wa) (2000),Drama|Romance,"국가: 홍콩
줄거리: 이 영화는 불륜으로 얽힌 두 남녀가 서로의 감정을 억누르며 가까워지는 이야기를 다룬다.
분위기 및 심리변화: 우아하고 감성적인 분위기 속에서, 주인공들은 사랑과 도덕적 갈등 속에서 복잡한 심리적 변화를 겪는다."
213,Air Force One (1997),Action|Thriller,"국가: 미국
줄거리: 테러리스트들이 대통령 전용기를 장악하자 대통령이 직접 그들과 싸우는 이야기를 그립니다.
분위기 및 심리변화: 긴장감 넘치고 액션 가득한 분위기 속에서, 주인공은 용기와 책임감을 발휘합니다."
214,The Martian (2015),Adventure|Drama|Sci-Fi,"국가: 미국
줄거리: 화성에 고립된 우주 비행사가 살아남기 위해 고군분투하며 구조를 기다리는 이야기를 그립니다.
분위기 및 심리변화: 고독하고 희망적인 분위기 속에서, 주인공은 생존 본능과 희망을 다짐합니다."
215,Air: Courting a Legend (2023),Drama,"국가: 미국
줄거리: 농구의 전설과 신발 브랜드가 협력하여 전설적인 신발을 만드는 과정을 그립니다.
분위기 및 심리변화: 감동적이고 영감을 주는 분위기 속에서, 주인공은 혁신과 협력의 가치를 배웁니다."
216,Transformers (2007),Action|Sci-Fi|Thriller|IMAX,"국가: 미국
줄거리: 인간과 외계 로봇들이 지구를 지키기 위해 협력하여 싸우는 이야기를 그립니다.
분위기 및 심리변화: 액션과 스릴 넘치는 분위기 속에서, 주인공들은 팀워크와 용기를 배웁니다."
217,Barbie (2023),Comedy,"국가: 미국
줄거리: 바비는 완벽한 세상에 살고 있다는 생각을 하다가, 현실 세계로 떨어지게 되며 진정으로 원하는 것이 무엇인지 깨닫기 시작합니다.
분위기 및 심리변화: 유머러스하고 경쾌한 분위기 속에서 주인공은 자아 찾기와 성장을 위한 여정을 그립니다."
218,Mr. Mom (1983),Comedy|Drama,"국가: 미국
줄거리: 실직한 남편이 집에서 아이를 돌보며 겪는 코미디와 좌충우돌을 그립니다.
분위기 및 심리변화: 유쾌하고 가족적인 분위기 속에서, 주인공은 가족의 소중함과 역할 전환의 중요성을 배웁니다."
219,Braveheart (1995),Action|Drama|War,"국가: 미국
줄거리: 스코틀랜드의 전사 윌리엄 월리스가 자유를 위해 잉글랜드에 맞서 싸우는 이야기를 그립니다.
분위기 및 심리변화: 서사적이고 강렬한 분위기 속에서, 주인공은 희생과 용기의 의미를 배웁니다."
220,The Favourite,Drama,"국가: 영국
줄거리: 18세기 영국 왕실에서 여왕의 총애를 받기 위한 두 여성의 경쟁을 그립니다.
분위기 및 심리변화: 풍자적이고 감정적으로 복잡한 분위기 속에서, 주인공들은 권력과 욕망을 추구합니다."
221,Kiki's Delivery Service (Majo no takkyûbin) (1989),Adventure|Animation|Children|Drama|Fantasy,"국가: 일본
줄거리: 이 영화는 어린 마녀 키키가 독립해 살아가는 과정에서 성장과 자립의 의미를 배워가는 이야기를 그린다.
분위기 및 심리변화: 밝고 따뜻한 분위기 속에서, 주인공은 혼란과 두려움에서 자신감을 얻으며 성장한다."
222,The Equalizer 2 (2018),Action|Crime|Thriller,"국가: 미국
줄거리: 정의를 위해 악당을 처단하는 전직 요원이 친구의 죽음을 복수하는 이야기를 그립니다.
분위기 및 심리변화: 어둡고 긴장감 넘치는 분위기 속에서, 주인공은 정의와 복수심을 경험합니다."
223,Before Sunrise (1995),Drama|Romance,"국가: 미국
줄거리: 한 남녀가 유럽 여행 중 우연히 만나 하루를 함께 보내며 사랑을 나누는 이야기를 그립니다.
분위기 및 심리변화: 감성적이고 잔잔한 분위기 속에서, 주인공들은 사랑과 인연의 가능성을 탐구합니다."
224,Napoleon Dynamite (2004),Comedy,"국가: 미국
줄거리: 독특한 성격의 고등학생이 친구들과 함께 다양한 모험을 겪으며 성장하는 이야기를 다룹니다.
분위기 및 심리변화: 유머러스하고 독특한 분위기 속에서, 주인공은 우정과 자기 발견을 경험합니다."
225,Laputa: Castle in the Sky (Tenkû no shiro Rapyuta) (1986),Action|Adventure|Animation|Children|Fantasy|Sci-Fi,"국가: 일본
줄거리: 이 영화는 신비로운 공중 도시 라퓨타를 찾기 위해 여행을 떠난 두 소년과 소녀의 모험을 다룬다. 이야기는 자연과 기술, 평화와 전쟁의 대립을 중심으로 전개된다.
분위기 및 심리변화: 서정적이고 신비로운 분위기 속에서, 주인공들은 우정과 용기를 통해 어려움을 극복하며 성장과 깨달음을 얻는다."
226,Avatar: The Way of Water (2022),Action|Adventure|Sci-Fi,"국가: 미국
줄거리: 판도라의 바다와 새로운 문명 속에서 제이크와 네이티리가 가족을 지키기 위한 여정을 그립니다.
분위기 및 심리변화: 화려하고 감동적인 분위기 속에서, 주인공들은 가족과 생명의 소중함을 깨닫습니다."
227,Casino (1995),Crime|Drama,"국가: 미국
줄거리: 라스베이거스의 카지노에서 권력과 배신을 둘러싼 갱스터들의 이야기를 그립니다.
분위기 및 심리변화: 어두운 분위기 속에서, 주인공들은 욕망과 배신의 갈등을 겪습니다."
228,I'm Thinking of Ending Things,Drama|Horror|Thriller,"국가: 미국
줄거리: 여자친구가 남자친구의 부모를 만나러 가는 여정에서 불안과 혼란이 점차 커지는 심리 스릴러입니다.
분위기 및 심리변화: 불안하고 철학적인 분위기 속에서, 주인공은 자아와 관계에 대한 고뇌를 겪습니다."
229,Isle of Dogs (2018),Animation|Comedy,"국가: 미국
줄거리: 쓰레기 섬에 버려진 개들이 소년과 함께 모험을 떠나며 자유와 가족을 찾으려는 이야기를 그립니다.
분위기 및 심리변화: 감성적이고 유머러스한 분위기 속에서, 주인공은 우정과 충성을 경험합니다."
230,Scott Pilgrim vs. the World (2010),Action|Comedy|Fantasy|Musical|Romance,"국가: 미국
줄거리: 청년이 사랑을 쟁취하기 위해 여자친구의 전 남자친구들과 싸우는 독특한 연출의 액션 코미디입니다.
분위기 및 심리변화: 유머러스하고 과장된 분위기 속에서, 주인공은 사랑과 용기를 배웁니다."
231,Lady Bird (2017),Comedy,"국가: 미국
줄거리: 자신만의 정체성을 찾으려는 한 소녀가 가족과의 갈등 속에서 성장해가는 과정을 그립니다.
분위기 및 심리변화: 감성적이고 현실적인 분위기 속에서, 주인공은 자아와 가족의 중요성을 이해하며 성숙해집니다."
232,Murder Mystery 2 (2023),Action|Comedy|Mystery,"국가: 미국
줄거리: 부부 탐정이 국제적 사건에 연루되어 미스터리를 해결하려는 코미디 범죄 영화입니다.
분위기 및 심리변화: 유머와 긴장감이 어우러진 분위기 속에서, 주인공은 팀워크와 재치를 발휘합니다."
233,Missing (2023),Drama|Mystery|Thriller,"국가: 미국
줄거리: 실종된 가족을 찾기 위해 고군분투하는 이야기를 다루며 미스터리와 서스펜스를 자아냅니다.
분위기 및 심리변화: 긴장감 넘치는 분위기 속에서, 주인공은 끈기와 가족애를 발휘합니다."
234,Shazam! (2019),Action|Adventure|Fantasy|Sci-Fi,"국가: 미국
줄거리: 한 소년이 마법의 힘으로 슈퍼히어로가 되어 악에 맞서 싸우는 과정을 그립니다.
분위기 및 심리변화: 유머러스하고 활기찬 분위기 속에서, 주인공은 책임감과 용기를 배웁니다."
235,Possession (1981),Drama|Horror,"국가: 프랑스
줄거리: 부부의 불화와 심리적 갈등을 다루며 점차 공포로 변모하는 심리적 스릴러입니다.
분위기 및 심리변화: 불안하고 무서운 분위기 속에서, 주인공들은 관계와 정체성의 혼란을 겪습니다."
236,Glorious (2022),Horror,"국가: 미국
줄거리: 고속도로 휴게소에서 한 남자가 비정상적인 존재와 대면하며 벌어지는 공포와 미스터리를 다룹니다.
분위기 및 심리변화: 불안하고 기이한 분위기 속에서, 주인공은 공포와 혼란에 직면합니다."
237,The Shape of Water (2017),Adventure|Drama|Fantasy,"국가: 미국
줄거리: 청소부 여성이 비밀 연구소에서 만난 물 속 생명체와 사랑에 빠지며 벌어지는 이야기입니다.
분위기 및 심리변화: 환상적이고 감동적인 분위기 속에서, 주인공은 사랑과 연대의 가치를 배웁니다."
238,Paddleton (2019),Drama,"국가: 미국
줄거리: 말기 암을 진단받은 남성이 친구와 함께 남은 시간을 보내며 우정을 되새기는 이야기입니다.
분위기 및 심리변화: 따뜻하고 감성적인 분위기 속에서, 주인공들은 우정과 삶의 의미를 되새깁니다."
239,They Cloned Tyrone (2023),Comedy|Mystery|Sci-Fi,"국가: 미국
줄거리: 이상한 사건들을 조사하며 음모를 발견하는 세 명의 주인공들이 겪는 미스터리 스릴러입니다.
분위기 및 심리변화: 긴장감 넘치고 독특한 분위기 속에서, 주인공들은 진실을 밝히기 위해 고군분투합니다."
240,Super Size Me (2004),Comedy|Documentary|Drama,"국가: 미국
줄거리: 패스트푸드의 건강에 미치는 영향을 탐구하며 한 달간 패스트푸드만 먹는 실험을 진행합니다.
분위기 및 심리변화: 현실적이고 경각심을 일으키는 분위기 속에서, 주인공은 건강과 식습관에 대해 성찰합니다."
241,The Vast of Night (2019),Fantasy|Mystery|Sci-Fi,"국가: 미국
줄거리: 1950년대 뉴멕시코에서 두 라디오 진행자가 미스터리한 주파수를 발견하고 조사를 시작하는 이야기입니다.
분위기 및 심리변화: 긴장감 넘치고 신비로운 분위기 속에서, 주인공들은 진실을 추적하는 과정에서 호기심을 자극받습니다."
242,Rocketman (2019),Drama,"국가: 영국
줄거리: 전설적인 뮤지션 엘튼 존의 인생과 음악적 여정을 다룬 뮤지컬 영화입니다.
분위기 및 심리변화: 화려하고 감동적인 분위기 속에서, 주인공은 자기 발견과 성장을 경험합니다."
243,Kill Boksoon (2023),Action|Adventure|Thriller,"국가: 한국
줄거리: 숙련된 여성 암살자가 위험한 임무에 뛰어들며 벌어지는 액션 영화입니다.
분위기 및 심리변화: 긴박하고 액션 가득한 분위기 속에서, 주인공은 생존과 복수를 위해 싸웁니다."
244,Spectral (2016),(no genres listed),"국가: 미국
줄거리: 특수 작전 부대가 이상한 적과 싸우기 위해 초자연적 현상을 연구하는 이야기를 그립니다.
분위기 및 심리변화: 신비롭고 긴장감 넘치는 분위기 속에서, 주인공들은 생존과 진실을 밝히기 위해 고군분투합니다."
245,The Meg (2018),Action|Horror|Sci-Fi|Thriller,"국가: 미국
줄거리: 거대한 메갈로돈 상어가 해양 연구팀을 위협하며 벌어지는 스릴러 영화입니다.
분위기 및 심리변화: 긴장감 넘치고 스릴 넘치는 분위기 속에서, 주인공들은 공포와 생존을 위해 싸웁니다."
246,X2: X-Men United (2003),Action|Adventure|Sci-Fi|Thriller,"국가: 미국
줄거리: 뮤턴트들이 인간들과의 갈등 속에서 생존과 평화를 위해 싸우는 이야기입니다.
분위기 및 심리변화: 스릴 넘치는 액션 분위기 속에서, 주인공들은 팀워크와 용기의 가치를 배웁니다."
247,Firefly (2002),Action|Adventure|Sci-Fi|Western,"국가: 미국
줄거리: 우주를 배경으로 한 모험을 다룬 SF 시리즈로, 독립적인 우주선 승무원들이 다양한 위협에 맞서는 이야기를 그립니다.
분위기 및 심리변화: 모험적이고 긴장감 넘치는 분위기 속에서, 주인공들은 팀워크와 독립의 가치를 배웁니다."
248,Bubble (2022),Adventure|Animation|Sci-Fi,"국가: 일본
줄거리: 도쿄에 거대한 거품이 떨어지며 중력이 왜곡된 세계에서 청년들이 살아가는 이야기를 그립니다.
분위기 및 심리변화: 환상적이고 스릴 넘치는 분위기 속에서, 주인공들은 용기와 생존의 의미를 찾습니다."
249,Aftersun (2022),Drama,"국가: 영국
줄거리: 딸과의 추억을 되돌아보며 아버지와의 관계를 되새기는 감성적인 이야기입니다.
분위기 및 심리변화: 잔잔하고 감성적인 분위기 속에서, 주인공은 사랑과 가족의 의미를 되새깁니다."
250,Forrest Gump (1994),Comedy|Drama|Romance|War,"국가: 미국
줄거리: 순수한 청년이 우연히 역사적인 사건들을 경험하며 인생을 살아가는 이야기를 그립니다.
분위기 및 심리변화: 감동적이고 희망적인 분위기 속에서, 주인공은 인내와 사랑의 가치를 배웁니다."
251,Superbad (2007),Comedy,"국가: 미국
줄거리: 고등학생 친구들이 졸업 전날 밤에 벌이는 웃기고 엉뚱한 소동을 다룹니다.
분위기 및 심리변화: 유머러스하고 경쾌한 분위기 속에서, 주인공들은 우정과 성장의 의미를 깨닫습니다."
252,Paris Is Burning (1990),Documentary,"국가: 미국
줄거리: 1980년대 뉴욕의 LGBTQ+ 커뮤니티와 그들이 형성한 독특한 문화에 대한 다큐멘터리입니다.
분위기 및 심리변화: 감동적이고 현실적인 분위기 속에서, 주인공들은 정체성과 자존감을 탐구합니다."
253,Dead Poets Society (1989),Drama,"국가: 미국
줄거리: 문학을 통해 학생들에게 자기 표현과 자유를 가르치는 교사의 이야기를 다룹니다.
분위기 및 심리변화: 감동적이고 철학적인 분위기 속에서, 주인공들은 용기와 자기 발견의 의미를 배웁니다."
254,Gattaca (1997),Drama|Sci-Fi|Thriller,"국가: 미국
줄거리: 유전자 조작이 당연시되는 미래 사회에서 한 남자가 자신의 꿈을 위해 정체를 숨기는 이야기를 그립니다.
분위기 및 심리변화: 긴장감 넘치고 철학적인 분위기 속에서, 주인공은 희망과 인간의 한계를 탐구합니다."
255,The Imitation Game (2014),Drama|Thriller|War,"국가: 영국
줄거리: 천재 수학자 앨런 튜링이 2차 세계대전 중 암호를 해독하는 과정을 다룹니다.
분위기 및 심리변화: 긴장감 넘치고 감동적인 분위기 속에서, 주인공은 편견과 싸우며 내면의 강인함을 드러냅니다."
256,Punch-Drunk Love (2002),Comedy|Drama|Romance,"국가: 미국
줄거리: 감정적으로 불안정한 남자가 사랑을 통해 새로운 삶을 시작하는 과정을 그립니다.
분위기 및 심리변화: 불안하면서도 감성적인 분위기 속에서, 주인공은 사랑과 자기 발견의 여정을 겪습니다."
257,Jojo Rabbit (2019),Comedy|War,"국가: 미국
줄거리: 2차 세계대전 중 소년이 상상의 친구 히틀러와 함께 성장을 경험하며 진실을 발견하는 이야기입니다.
분위기 및 심리변화: 유머와 감동이 어우러진 분위기 속에서, 주인공은 용기와 관용의 가치를 배웁니다."
258,Doctor Strange in the Multiverse of Madness (2022),Action|Adventure|Fantasy,"국가: 미국
줄거리: 마법사 닥터 스트레인지가 다중 우주 속에서 다양한 위협에 맞서는 이야기를 다룹니다.
분위기 및 심리변화: 스릴 넘치고 신비로운 분위기 속에서, 주인공은 희생과 용기를 다시 다짐합니다."
259,Munich (2005),Action|Crime|Drama|Thriller,"국가: 미국
줄거리: 뮌헨 올림픽에서 벌어진 테러에 대한 보복 작전을 수행하는 요원들의 이야기를 그립니다.
분위기 및 심리변화: 긴장감 넘치고 현실적인 분위기 속에서, 주인공은 정의와 복수의 갈등을 경험합니다."
260,The Greatest Beer Run Ever (2022),Comedy|Drama|War,"국가: 미국
줄거리: 전쟁 중 친구들에게 맥주를 전달하기 위해 위험을 무릅쓰고 여행을 떠나는 이야기를 그립니다.
분위기 및 심리변화: 유머와 감동이 어우러진 분위기 속에서, 주인공은 우정과 용기의 가치를 배웁니다."
261,"Dark Knight, The (2008)",Action|Crime|Drama|IMAX,"국가: 일본
줄거리: 이 영화는 공중 도시 라퓨타를 둘러싼 모험과 우정의 이야기를 중심으로 전개된다.
분위기 및 심리변화: 신비롭고 감동적인 분위기 속에서, 주인공은 두려움에서 용기와 책임감을 얻으며 성장한다."
262,The Banshees of Inisherin (2022),Comedy|Drama,"국가: 아일랜드
줄거리: 아일랜드 시골 마을에서 벌어지는 두 친구의 갈등과 우정을 다룬 이야기입니다.
분위기 및 심리변화: 잔잔하고 서정적인 분위기 속에서, 주인공은 인간 관계의 깊이를 되새깁니다."
263,Moneyball (2011),Drama,"국가: 미국
줄거리: 야구팀 단장이 통계를 활용해 약팀을 강팀으로 변화시키는 과정을 그린 실화 기반 드라마입니다.
분위기 및 심리변화: 감동적이고 현실적인 분위기 속에서, 주인공은 혁신과 끈기의 가치를 깨닫습니다."
264,The Martian (2015),Adventure|Drama|Sci-Fi,"국가: 미국
줄거리: 화성에 고립된 우주 비행사가 살아남기 위해 고군분투하며 구조를 기다리는 이야기를 그립니다.
분위기 및 심리변화: 고독하고 희망적인 분위기 속에서, 주인공은 생존 본능과 희망을 다짐합니다."
265,The Lodge (2019),Drama|Horror,"국가: 미국
줄거리: 눈 덮인 외딴 오두막에서 가족이 겪는 기이하고 공포스러운 사건을 다루는 이야기입니다.
분위기 및 심리변화: 불안하고 공포스러운 분위기 속에서, 주인공들은 두려움과 고립을 겪습니다."
266,Vengeance (2022),Comedy|Drama|Thriller,"국가: 미국
줄거리: 한 남성이 친구의 죽음을 파헤치기 위해 텍사스로 여행을 떠나며 벌어지는 코미디 미스터리입니다.
분위기 및 심리변화: 유머러스하고 긴장감 넘치는 분위기 속에서, 주인공은 진실과 정의를 추구합니다."
267,Signs (2002),Horror|Sci-Fi|Thriller,"국가: 미국
줄거리: 외딴 농장에 사는 가족이 기이한 표식과 외계인의 존재를 발견하며 겪는 이야기입니다.
분위기 및 심리변화: 불안하고 미스터리한 분위기 속에서, 주인공은 두려움과 믿음을 다짐합니다."
268,Glass Onion: A Knives Out Mystery (2022),Comedy|Crime|Mystery,"국가: 미국
줄거리: 유명한 탐정이 섬에서 벌어진 미스터리한 살인 사건을 해결하려는 과정을 다룹니다.
분위기 및 심리변화: 유머와 긴장감이 어우러진 분위기 속에서, 주인공은 재치와 추리력을 발휘합니다."
269,"Bourne Ultimatum, The (2007)",Action|Crime|Thriller,"국가: 미국, 독일
줄거리: 이 영화는 기억을 잃은 첩보원 제이슨 본이 자신의 정체를 찾아가는 과정을 그린다.
분위기 및 심리변화: 긴장감 넘치는 분위기 속에서, 주인공은 혼란에서 진실을 발견하며 자신감을 회복한다."
270,"Untouchables, The (1987)",Action|Crime|Drama,"국가: 미국
줄거리: 이 영화는 알 카포네와의 싸움을 중심으로 정의와 부패를 그린 경찰들의 이야기를 다룬다.
분위기 및 심리변화: 강렬하고 영웅적인 분위기 속에서, 주인공은 의심과 두려움을 극복하고 정의를 실현한다."
271,Glass Onion: A Knives Out Mystery (2022),Comedy|Crime|Mystery,"국가: 미국
줄거리: 유명한 탐정이 섬에서 벌어진 미스터리한 살인 사건을 해결하려는 과정을 다룹니다.
분위기 및 심리변화: 유머와 긴장감이 어우러진 분위기 속에서, 주인공은 재치와 추리력을 발휘합니다."
272,Ferris Bueller's Day Off (1986),Comedy,"국가: 미국
줄거리: 고등학생이 학교를 빠지고 친구들과 즐거운 하루를 보내는 이야기입니다.
분위기 및 심리변화: 유쾌하고 자유로운 분위기 속에서, 주인공은 젊음과 자유의 가치를 만끽합니다."
273,Snatch (2000),Comedy|Crime|Thriller,"국가: 영국
줄거리: 여러 범죄자들이 한 다이아몬드를 둘러싸고 얽히며 벌어지는 사건을 다룹니다.
분위기 및 심리변화: 빠르고 블랙 코미디적인 분위기 속에서, 주인공들은 탐욕과 운명의 갈등을 겪습니다."
274,"Karate Kid, The (1984)",Drama,"국가: 미국
줄거리: 이 영화는 무술을 통해 자신감을 얻고 어려움을 극복하는 소년의 이야기를 다룬다.
분위기 및 심리변화: 희망적이고 영감을 주는 분위기 속에서, 주인공은 두려움에서 자신감을 얻으며 성장한다."
275,"Sixth Sense, The (1999)",Drama|Horror|Mystery,"국가: 미국
줄거리: 이 영화는 죽은 사람들을 볼 수 있는 소년과 그를 돕는 심리학자의 이야기를 다룬다.
분위기 및 심리변화: 신비롭고 긴장감 넘치는 분위기 속에서, 주인공들은 두려움과 불안을 극복하며 진실을 받아들이게 된다."
276,Harry Potter and the Deathly Hallows: Part 2 (2011),Action|Adventure|Drama|Fantasy|Mystery|IMAX,"국가: 영국
줄거리: 해리 포터가 볼드모트를 물리치기 위해 마지막 전투에 나서는 이야기를 그립니다.
분위기 및 심리변화: 서사적이고 감동적인 분위기 속에서, 주인공은 희생과 용기를 발휘합니다."
277,Bridge to Terabithia (2007),Adventure|Children|Fantasy,"국가: 미국
줄거리: 두 아이가 상상 속의 세계를 만들며 우정을 나누고 성장하는 이야기입니다.
분위기 및 심리변화: 감동적이고 상상력 넘치는 분위기 속에서, 주인공들은 우정과 상실을 경험합니다."
278,"Crazy, Stupid, Love. (2011)",Comedy|Drama|Romance,"국가: 미국
줄거리: 사랑과 결혼 생활에서 위기를 맞은 남자가 새로운 친구를 만나면서 자신의 삶과 관계를 다시 바라보게 됩니다.
분위기 및 심리변화: 유머와 감동이 어우러진 분위기 속에서, 주인공은 자신의 가치를 재발견하며 성숙해집니다."
279,Harry Potter and the Chamber of Secrets (2002),Adventure|Fantasy,"국가: 영국
줄거리: 해리 포터가 호그와트에서 비밀의 방과 그 속의 괴물과 맞서 싸우는 이야기를 다룹니다.
분위기 및 심리변화: 신비롭고 모험적인 분위기 속에서, 주인공은 용기와 진실을 찾습니다."
280,"Lord of the Rings: The Return of the King, The (2003)",Action|Adventure|Drama|Fantasy,"국가: 미국, 뉴질랜드
줄거리: 이 영화는 반지의 제왕 삼부작의 마지막 이야기로, 사우론의 몰락과 중간계의 평화를 위한 마지막 전투를 다룬다.
분위기 및 심리변화: 장엄하고 희망적인 분위기 속에서, 주인공들은 희생과 용기를 통해 내적 성장과 승리를 이룬다."
281,Extraction 2 (2023),Action|Thriller,"국가: 미국
줄거리: 특수부대 요원이 인질을 구출하는 과정에서 벌어지는 액션 영화입니다.
분위기 및 심리변화: 긴장감 넘치고 액션 가득한 분위기 속에서, 주인공은 용기와 희생을 다짐합니다."
282,Elemental (2023),Animation|Children|Comedy|Fantasy|Romance,"국가: 미국
줄거리: 서로 다른 성질을 가진 요소들이 공존하며 화합과 이해를 배우는 이야기를 그립니다.
분위기 및 심리변화: 따뜻하고 교훈적인 분위기 속에서, 주인공들은 차이를 극복하고 조화를 찾습니다."
283,"Bourne Supremacy, The (2004)",Action|Crime|Thriller,"국가: 미국, 독일
줄거리: 이 영화는 기억을 잃은 제이슨 본이 자신의 과거를 추적하며 국제 음모에 휘말리는 이야기를 그린다.
분위기 및 심리변화: 긴박한 분위기 속에서, 주인공은 혼란 속에서 자신의 정체성과 목적을 찾아간다."
284,Wrath of Man (2021),Action|Crime,"국가: 미국
줄거리: 아들의 죽음에 대한 복수를 꿈꾸는 남자가 보안 회사에서 벌어지는 음모와 싸우는 이야기입니다.
분위기 및 심리변화: 강렬하고 어두운 분위기 속에서, 주인공은 복수와 정의를 추구합니다."
285,What We Do in the Shadows (2014),Comedy|Horror,"국가: 뉴질랜드
줄거리: 뱀파이어들이 인간 세상에서 살아가는 이야기를 다룬 코미디 영화입니다.
분위기 및 심리변화: 유머러스하고 기이한 분위기 속에서, 주인공들은 공존과 우정을 경험합니다."
286,Bridget Jones's Diary (2001),Comedy|Drama|Romance,"국가: 영국
줄거리: 한 여성이 사랑과 직장 문제를 겪으며 일상의 소소한 기쁨과 고뇌를 일기에 적는 이야기입니다.
분위기 및 심리변화: 유쾌하고 감성적인 분위기 속에서, 주인공은 사랑과 자아를 찾습니다."
287,Bullet Train (2022),Action|Mystery|Thriller,"국가: 미국
줄거리: 여러 암살자들이 일본의 고속열차에서 목표를 수행하는 동안 얽히고설킨 이야기를 그립니다.
분위기 및 심리변화: 스릴 넘치고 유머러스한 분위기 속에서, 주인공들은 생존과 경쟁의 갈등을 겪습니다."
288,"Bourne Ultimatum, The (2007)",Action|Crime|Thriller,"국가: 미국, 독일
줄거리: 이 영화는 제이슨 본이 자신의 기억을 완전히 되찾고 진실을 밝히기 위한 마지막 여정을 다룬다.
분위기 및 심리변화: 스릴 넘치는 분위기 속에서, 주인공은 자신감을 되찾고 자신의 운명을 받아들인다."
289,The Banshees of Inisherin (2022),Comedy|Drama,"국가: 아일랜드
줄거리: 아일랜드 시골 마을에서 벌어지는 두 친구의 갈등과 우정을 다룬 이야기입니다.
분위기 및 심리변화: 잔잔하고 서정적인 분위기 속에서, 주인공은 인간 관계의 깊이를 되새깁니다."
290,Women Talking (2022),Drama,"국가: 미국
줄거리: 여성들이 자신들의 미래를 결정하기 위해 서로 이야기를 나누는 과정을 그립니다.
분위기 및 심리변화: 진지하고 감정적인 분위기 속에서, 주인공들은 용기와 연대의 의미를 탐구합니다."
291,Four Weddings and a Funeral (1994),Comedy|Romance,"국가: 영국
줄거리: 여러 결혼식과 장례식을 통해 얽히고설킨 사랑과 우정의 이야기를 다룹니다.
분위기 및 심리변화: 감성적이고 유머러스한 분위기 속에서, 주인공은 사랑과 삶의 의미를 깨닫습니다."
292,Evangelion: 2.0 You Can (Not) Advance (Evangerion shin gekijôban: Ha) (2009),Action|Animation|Drama|Sci-Fi,"국가: 일본
줄거리: 이 영화는 거대한 메카와 외계 생명체의 전투를 통해 인간의 심리와 관계를 탐구한다.
분위기 및 심리변화: 강렬하고 철학적인 분위기 속에서, 주인공들은 두려움과 불확실성을 극복하며 자신들의 정체성을 찾아간다."
293,Spider-Man: Across the Spider-Verse (2023),Action|Adventure|Animation|Sci-Fi,"국가: 미국
줄거리: 마일스 모랄레스가 다양한 스파이더맨들과 함께 다중우주에서 위협에 맞서는 이야기입니다.
분위기 및 심리변화: 스릴 넘치고 감동적인 분위기 속에서, 주인공은 책임감과 협력의 중요성을 배웁니다."
294,Knock at the Cabin (2023),Horror|Mystery|Thriller,"국가: 미국
줄거리: 외딴 오두막에서 벌어지는 미스터리한 사건과 공포를 다루는 스릴러 영화입니다.
분위기 및 심리변화: 불안하고 긴장감 넘치는 분위기 속에서, 주인공들은 생존과 진실을 추구합니다."
295,"Goofy Movie, A (1995)",Animation|Children|Comedy|Romance,"국가: 미국
줄거리: 이 영화는 아버지와 아들이 함께하는 여행을 통해 가족 간의 유대와 이해를 그린다.
분위기 및 심리변화: 밝고 유쾌한 분위기 속에서, 주인공들은 갈등을 해소하고 서로를 이해하며 관계를 발전시킨다."
296,They Cloned Tyrone (2023),Comedy|Mystery|Sci-Fi,"국가: 미국
줄거리: 이상한 사건들을 조사하며 음모를 발견하는 세 명의 주인공들이 겪는 미스터리 스릴러입니다.
분위기 및 심리변화: 긴장감 넘치고 독특한 분위기 속에서, 주인공들은 진실을 밝히기 위해 고군분투합니다."
297,The Two Popes (2019),Drama,"국가: 미국
줄거리: 두 교황이 서로의 의견을 교환하며 우정을 쌓고 변화를 논의하는 이야기를 그립니다.
분위기 및 심리변화: 감동적이고 철학적인 분위기 속에서, 주인공들은 신념과 변화의 가치를 배웁니다."
298,"Silence of the Lambs, The (1991)",Crime|Horror|Thriller,"국가: 미국
줄거리: 이 영화는 연쇄살인범을 추적하는 FBI 요원과 정신과 의사 출신의 수감자 간의 심리전을 다룬다.
분위기 및 심리변화: 음산하고 섬뜩한 분위기 속에서, 주인공은 두려움과 약점을 극복하며 강인함을 갖춘다."
299,The Martian (2015),Adventure|Drama|Sci-Fi,"국가: 미국
줄거리: 화성에 고립된 우주 비행사가 살아남기 위해 고군분투하며 구조를 기다리는 이야기를 그립니다.
분위기 및 심리변화: 고독하고 희망적인 분위기 속에서, 주인공은 생존 본능과 희망을 다짐합니다."
300,Juno (2007),Comedy|Drama|Romance,"국가: 미국
줄거리: 10대 소녀가 임신을 경험하며 자신의 삶과 가족, 친구들과의 관계를 돌아보는 이야기를 그립니다.
분위기 및 심리변화: 유머와 따뜻함이 어우러진 분위기 속에서, 주인공은 성숙과 책임을 배우게 됩니다."
301,Guardians of the Galaxy Volume 3 (2023),Action|Adventure|Sci-Fi,"국가: 미국
줄거리: 은하를 지키기 위해 다양한 배경을 가진 영웅들이 함께하는 마지막 여정을 그립니다.
분위기 및 심리변화: 유머와 감동이 어우러진 분위기 속에서, 주인공들은 팀워크와 희생을 경험합니다."
302,Warcraft (2016),Action|Adventure|Fantasy,"국가: 미국
줄거리: 인간과 오크 간의 전쟁이 벌어지는 판타지 세계에서 두 종족의 갈등과 화합을 그립니다.
분위기 및 심리변화: 장엄하고 서사적인 분위기 속에서, 주인공들은 용기와 협력을 배웁니다."
303,Oppenheimer (2023),Drama,"국가: 미국
줄거리: 원자폭탄 개발의 역사적 순간을 다룬 영화로, 과학자 오펜하이머의 삶과 도덕적 갈등을 그립니다.
분위기 및 심리변화: 진지하고 역사적인 분위기 속에서, 주인공은 책임감과 윤리적 갈등을 경험합니다."
304,Wreck-It Ralph (2012),Animation|Comedy,"국가: 미국
줄거리: 게임 캐릭터가 자신의 악역 이미지를 벗어던지고 진정한 영웅이 되기 위해 모험을 떠나는 이야기입니다.
분위기 및 심리변화: 유쾌하고 감동적인 분위기 속에서, 주인공은 자아 발견과 용기를 배웁니다."
305,The Revenant (2015),Adventure|Drama,"국가: 미국
줄거리: 사냥꾼이 배신당한 후 복수를 다짐하며 생존을 위해 고군분투하는 이야기를 그립니다.
분위기 및 심리변화: 강렬하고 서사적인 분위기 속에서, 주인공은 생존 본능과 복수심을 다짐합니다."
306,Anchorman: The Legend of Ron Burgundy (2004),Comedy,"국가: 미국
줄거리: 1970년대 인기 뉴스 앵커가 여성의 등장으로 직장에서의 변화를 맞이하며 벌어지는 코미디 영화입니다.
분위기 및 심리변화: 유머러스하고 풍자적인 분위기 속에서, 주인공은 자아와 직업적 갈등을 경험합니다."
307,Star Wars: Episode IV - A New Hope (1977),Action|Adventure|Sci-Fi,"국가: 미국
줄거리: 젊은 루크 스카이워커가 은하계를 구하기 위해 제다이로서의 여정을 시작하는 이야기입니다.
분위기 및 심리변화: 영웅적이고 서사적인 분위기 속에서, 주인공은 용기와 희망을 발견합니다."
308,Get Out (2017),Horror,"국가: 미국
줄거리: 젊은 남성이 연인의 가족을 만나러 가면서 발생하는 기이한 사건을 그린 심리 스릴러입니다.
분위기 및 심리변화: 불안하고 미스터리한 분위기 속에서, 주인공은 공포와 진실에 직면합니다."
309,Jurassic World Dominion (2022),Action|Adventure|Sci-Fi|Thriller,"국가: 미국
줄거리: 공룡들이 인간 세상에 다시 나타나면서 벌어지는 이야기를 그린 액션 모험 영화입니다.
분위기 및 심리변화: 스릴 넘치고 장엄한 분위기 속에서, 주인공들은 생존과 자연의 경이로움을 경험합니다."
310,CODA (2021),Drama,"국가: 미국
줄거리: 청각장애인 부모와 함께 자란 소녀가 음악적 재능을 발견하며 새로운 인생을 찾는 이야기를 그립니다.
분위기 및 심리변화: 따뜻하고 감동적인 분위기 속에서, 주인공은 가족과 자아 사이에서 성장합니다."
311,Contact (1997),Drama|Sci-Fi,"국가: 미국
줄거리: 과학자가 외계 생명체와의 교신을 시도하며 인류와 과학의 의미를 탐구하는 이야기입니다.
분위기 및 심리변화: 신비롭고 철학적인 분위기 속에서, 주인공은 과학과 신념의 갈등을 겪습니다."
312,John Wick: Chapter 4 (2023),Action|Crime|Thriller,"국가: 미국
줄거리: 존 윅은 자신을 노리는 수많은 적들과 치열한 싸움을 벌이며 자신의 자유와 평화를 찾기 위해 고군분투합니다.
분위기 및 심리변화: 강렬하고 어두운 분위기 속에서, 주인공은 복수와 생존 사이에서 내면의 갈등을 겪습니다."
313,The Greatest Showman (2017),Drama,"국가: 미국
줄거리: 쇼 비즈니스의 시작을 이끈 한 남자의 열정과 도전 정신을 그린 뮤지컬 영화입니다.
분위기 및 심리변화: 활기차고 감동적인 분위기 속에서, 주인공은 꿈과 인내의 가치를 깨닫습니다."
314,Pirates of the Caribbean: The Curse of the Black Pearl (2003),Action|Adventure|Comedy|Fantasy,"국가: 미국
줄거리: 해적 잭 스패로우가 저주받은 보물을 되찾기 위해 모험을 떠나는 이야기를 그립니다.
분위기 및 심리변화: 모험적이고 유머러스한 분위기 속에서, 주인공은 용기와 자유의 가치를 배웁니다."
315,Code 8,Sci-Fi,"국가: 미국
줄거리: 초능력을 가진 사람들이 억압받는 사회에서 생존을 위해 싸우는 이야기를 다룹니다.
분위기 및 심리변화: 긴장감 넘치고 현실적인 분위기 속에서, 주인공은 정의와 저항을 다짐합니다."
316,Under the Skin (2013),Horror|Sci-Fi|Thriller,"국가: 영국
줄거리: 외계인이 인간의 모습을 하고 지구에서 인간을 유혹하며 벌어지는 이야기입니다.
분위기 및 심리변화: 불안하고 기이한 분위기 속에서, 주인공은 정체성과 인간성의 갈등을 겪습니다."
317,Dungeons & Dragons: Honor Among Thieves (2023),Action|Adventure|Fantasy,"국가: 미국
줄거리: 도둑과 모험가들이 함께 마법 세계에서 보물을 찾기 위한 여정을 떠납니다.
분위기 및 심리변화: 판타지와 모험이 어우러진 분위기 속에서, 주인공들은 팀워크와 우정을 배웁니다."
318,"Pursuit of Happyness, The (2006)",Drama,"국가: 미국
줄거리: 이 영화는 경제적 어려움을 딛고 아들과 함께 성공을 꿈꾸는 아버지의 실화를 바탕으로 한다.
분위기 및 심리변화: 희망적이고 감동적인 분위기 속에서, 주인공은 절망에서 희망과 성취로 나아간다."
319,Elemental (2023),Animation|Children|Comedy|Fantasy|Romance,"국가: 미국
줄거리: 서로 다른 성질을 가진 요소들이 공존하며 화합과 이해를 배우는 이야기를 그립니다.
분위기 및 심리변화: 따뜻하고 교훈적인 분위기 속에서, 주인공들은 차이를 극복하고 조화를 찾습니다."
320,American Psycho (2000),Crime|Horror|Mystery|Thriller,"국가: 미국
줄거리: 성공한 투자자가 이면의 폭력적이고 불안한 성향을 드러내며 벌어지는 심리 스릴러입니다.
분위기 및 심리변화: 불안하고 섬뜩한 분위기 속에서, 주인공은 정체성과 윤리적 갈등을 겪습니다."
321,The Super Mario Bros. Movie (2023),Adventure|Animation|Children|Comedy|Fantasy,"국가: 미국
줄거리: 마리오와 루이지가 모험을 통해 악당을 물리치고 왕국을 구하는 이야기를 그립니다.
분위기 및 심리변화: 유쾌하고 모험적인 분위기 속에서, 주인공들은 용기와 협동의 가치를 배웁니다."
322,Puss in Boots: The Last Wish (2022),Adventure|Animation|Children|Comedy|Fantasy,"국가: 미국
줄거리: 장화 신은 고양이가 마지막 남은 소원을 찾기 위해 새로운 모험을 떠나는 이야기입니다.
분위기 및 심리변화: 유쾌하고 모험적인 분위기 속에서, 주인공은 용기와 자아를 찾아갑니다."
323,Sherlock Holmes (2009),Action|Crime|Mystery|Thriller,"국가: 미국
줄거리: 명탐정 셜록 홈즈가 파트너 왓슨과 함께 미스터리를 해결하는 이야기를 다룹니다.
분위기 및 심리변화: 스릴 넘치고 지적인 분위기 속에서, 주인공은 추리와 용기를 발휘합니다."
324,2001: A Space Odyssey (1968),Adventure|Drama|Sci-Fi,"국가: 미국
줄거리: 우주 탐사를 배경으로 인류와 인공지능 간의 갈등을 다룬 철학적인 SF 영화입니다.
분위기 및 심리변화: 신비롭고 철학적인 분위기 속에서, 주인공은 존재와 기술의 의미를 탐구합니다."
325,Luther: The Fallen Sun (2023),Crime|Drama,"국가: 영국
줄거리: 형사 루터가 감옥에서 탈출한 후 복수를 위해 위험한 범죄자와 맞서는 이야기입니다.
분위기 및 심리변화: 어둡고 긴장감 넘치는 분위기 속에서, 주인공은 정의와 복수의 갈등을 겪습니다."
326,"Godfather, The (1972)",Crime|Drama,"국가: 미국
줄거리: 이 영화는 한 마피아 가문의 권력 다툼과 가족의 복잡한 관계를 중심으로 전개된다.
분위기 및 심리변화: 어둡고 서사적인 분위기 속에서, 주인공은 순수함에서 냉혹한 권력자로 변화한다."
327,Tropic Thunder (2008),Action|Adventure|Comedy|War,"국가: 미국
줄거리: 영화 촬영 도중 실제 전쟁 상황에 빠진 배우들이 겪는 코미디 영화입니다.
분위기 및 심리변화: 유머러스하고 풍자적인 분위기 속에서, 주인공들은 생존과 진정한 용기를 배웁니다."
328,The Unbearable Weight of Massive Talent (2021),Comedy,"국가: 미국
줄거리: 배우 니콜라스 케이지가 자신을 연기하며 팬과 얽히는 코미디 액션 영화입니다.
분위기 및 심리변화: 유쾌하고 독특한 분위기 속에서, 주인공은 자아와 성공의 의미를 찾습니다."
329,The French Dispatch (2020),Comedy|Drama|Romance,"국가: 미국
줄거리: 프랑스 마을에서 발행되는 잡지사의 기자들이 겪는 이야기를 다룬 옴니버스 영화입니다.
분위기 및 심리변화: 감각적이고 예술적인 분위기 속에서, 주인공들은 다양한 인간의 이야기를 탐구합니다."
330,"Thin Blue Line, The (1988)",Documentary,"국가: 미국
줄거리: 이 다큐멘터리는 살인 사건의 진실과 사법 체계의 오류를 파헤친다.
분위기 및 심리변화: 날카롭고 탐구적인 분위기 속에서, 관객은 정의와 시스템의 결함에 대한 의문을 갖게 된다."
331,The Lighthouse (2019),Drama|Fantasy|Horror,"국가: 미국
줄거리: 외딴 섬에서 등대지기 두 사람이 고립 속에서 미쳐가는 과정을 그린 심리 스릴러입니다.
분위기 및 심리변화: 불안하고 긴장감 넘치는 분위기 속에서, 주인공들은 고립과 광기를 겪습니다."
332,News of the World (2020),Drama|Western,"국가: 미국
줄거리: 전직 군인이 전쟁 고아 소녀를 가족에게 데려다주기 위해 긴 여정을 떠나는 이야기입니다.
분위기 및 심리변화: 감동적이고 서사적인 분위기 속에서, 주인공은 책임과 사랑을 배우게 됩니다."
333,"Karate Kid, The (2010)",Action|Children|Drama,"국가: 미국, 중국
줄거리: 이 영화는 새로운 환경에 적응하려는 소년이 무술을 통해 자신감을 얻고 성장하는 이야기를 다룬다.
분위기 및 심리변화: 희망적이고 영감을 주는 분위기 속에서, 주인공은 두려움을 극복하고 용기를 얻게 된다."
334,The Whale,Comedy|Drama,"국가: 미국
줄거리: 한 남자가 고립된 삶을 살아가며 과거의 실수를 회복하려는 과정을 그린 드라마입니다.
분위기 및 심리변화: 감정적이고 내면적인 분위기 속에서, 주인공은 고통과 용서를 경험합니다."
335,No Hard Feelings (2023),Comedy|Romance,"국가: 미국
줄거리: 젊은 여성이 고용된 임무로 인해 예기치 않은 우정을 쌓아가는 이야기를 그립니다.
분위기 및 심리변화: 유머러스하고 감동적인 분위기 속에서, 주인공은 성장을 경험합니다."
336,King Kong (2005),Action|Adventure|Drama|Fantasy|Thriller,"국가: 미국
줄거리: 거대한 원숭이 킹콩이 인간 세계와 충돌하며 벌어지는 모험과 로맨스를 그립니다.
분위기 및 심리변화: 장엄하고 감동적인 분위기 속에서, 주인공은 희생과 사랑을 배웁니다."
337,Barbie (2023),Comedy,"국가: 미국
줄거리: 바비는 완벽한 세상에 살고 있다는 생각을 하다가, 현실 세계로 떨어지게 되며 진정으로 원하는 것이 무엇인지 깨닫기 시작합니다.
분위기 및 심리변화: 유머러스하고 경쾌한 분위기 속에서 주인공은 자아 찾기와 성장을 위한 여정을 그립니다."
338,"Time Traveler's Wife, The (2009)",Drama|Romance|Sci-Fi,"국가: 미국
줄거리: 이 영화는 시간 여행이라는 독특한 설정 속에서 한 커플이 사랑과 관계의 어려움을 극복해 나가는 이야기를 다룬다.
분위기 및 심리변화: 감성적이고 신비로운 분위기 속에서, 주인공들은 시간의 제약 속에서도 사랑의 가치를 깨닫고 희생을 받아들인다."
339,Pain & Gain (2013),Action|Comedy|Crime,"국가: 미국
줄거리: 피트니스 트레이너들이 부자가 되기 위해 범죄를 저지르는 과정을 다룬 실화 기반 영화입니다.
분위기 및 심리변화: 블랙 코미디적인 분위기 속에서, 주인공들은 탐욕과 도덕적 타락을 경험합니다."
340,"Girl with the Dragon Tattoo, The (Män som hatar kvinnor) (2009)",Crime|Drama|Mystery|Thriller,"국가: 스웨덴, 덴마크, 노르웨이, 독일
줄거리: 이 영화는 실종 사건을 해결하려는 언론인과 해커가 팀을 이루어 진실을 밝혀내는 과정을 다룬다.
분위기 및 심리변화: 어둡고 긴장감 넘치는 분위기 속에서, 주인공들은 상처를 치유하며 신뢰와 용기를 배운다."
341,The Lobster (2015),Comedy|Romance|Sci-Fi,"국가: 아일랜드
줄거리: 싱글이 되면 짐승으로 변하는 사회에서 사랑을 찾기 위한 한 남자의 독특한 이야기를 그립니다.
분위기 및 심리변화: 기이하고 철학적인 분위기 속에서, 주인공은 사랑과 정체성의 갈등을 겪습니다."
342,The Suicide Squad (2021),Action|Adventure|Crime|Fantasy,"국가: 미국
줄거리: 범죄자들이 세상을 구하기 위해 고용되어 위험한 임무를 수행하는 이야기입니다.
분위기 및 심리변화: 유머와 액션이 어우러진 분위기 속에서, 주인공들은 팀워크와 용기를 배웁니다."
343,Ghostbusters (a.k.a. Ghost Busters) (1984),Action|Comedy|Sci-Fi,"국가: 미국
줄거리: 이 영화는 유령을 퇴치하는 팀이 뉴욕시를 구하기 위해 고군분투하는 이야기를 다룬다.
분위기 및 심리변화: 유쾌하고 코믹한 분위기 속에서, 주인공들은 팀워크와 기지를 통해 어려움을 극복한다."
344,Don't Worry Darling (2022),Drama|Horror|Mystery|Thriller,"국가: 미국
줄거리: 이상적인 마을에 사는 한 여성이 현실을 의심하게 되며 벌어지는 미스터리한 이야기입니다.
분위기 및 심리변화: 긴장감 넘치고 불안한 분위기 속에서, 주인공은 진실을 찾아 나섭니다."
345,Ticket to Paradise (2022),Comedy|Romance,"국가: 미국
줄거리: 두 부모가 딸의 결혼을 막기 위해 함께 여행을 떠나며 벌어지는 로맨틱 코미디입니다.
분위기 및 심리변화: 유쾌하고 따뜻한 분위기 속에서, 주인공들은 사랑과 화해의 의미를 되새깁니다."
346,Raymond & Ray (2022),Comedy|Drama,"국가: 미국
줄거리: 두 이복 형제가 아버지의 장례식을 통해 다시 만나며 과거의 상처를 치유하는 과정을 그립니다.
분위기 및 심리변화: 감정적이고 감동적인 분위기 속에서, 주인공들은 가족과 용서를 경험합니다."
347,Total Recall (1990),Action|Adventure|Sci-Fi|Thriller,"국가: 미국
줄거리: 미래 사회에서 자신의 정체성과 기억을 둘러싼 음모에 휘말리는 남자의 이야기를 다룹니다.
분위기 및 심리변화: 긴장감 넘치고 스릴 있는 분위기 속에서, 주인공은 진실과 자아를 찾습니다."
348,Puss in Boots: The Last Wish (2022),Adventure|Animation|Children|Comedy|Fantasy,"국가: 미국
줄거리: 장화 신은 고양이가 마지막 남은 소원을 찾기 위해 새로운 모험을 떠나는 이야기입니다.
분위기 및 심리변화: 유쾌하고 모험적인 분위기 속에서, 주인공은 용기와 자아를 찾아갑니다."
349,Coherence (2013),Drama|Mystery|Sci-Fi|Thriller,"국가: 미국
줄거리: 친구 모임 중 천문 현상이 발생하며 각자 다른 차원의 자신들과 만나게 되는 미스터리한 이야기입니다.
분위기 및 심리변화: 불안하고 기이한 분위기 속에서, 주인공들은 현실과 정체성에 혼란을 겪습니다."
350,Oppenheimer (2023),Drama,"국가: 미국
줄거리: 원자폭탄 개발의 역사적 순간을 다룬 영화로, 과학자 오펜하이머의 삶과 도덕적 갈등을 그립니다.
분위기 및 심리변화: 진지하고 역사적인 분위기 속에서, 주인공은 책임감과 윤리적 갈등을 경험합니다."
351,Chip 'n Dale: Rescue Rangers (2022),Adventure|Animation|Children|Comedy|Fantasy|Mystery,"국가: 미국
줄거리: 칩과 데일이 실사화된 세계에서 친구를 구하기 위해 모험을 떠나는 코미디 애니메이션입니다.
분위기 및 심리변화: 유쾌하고 모험적인 분위기 속에서, 주인공들은 우정과 용기를 발휘합니다."
352,Iron Man 2 (2010),Action|Adventure|Sci-Fi|Thriller|IMAX,"국가: 미국
줄거리: 토니 스타크는 아이언맨의 정체를 공개하고, 새로운 적과의 대결 속에서 기술과 책임감의 갈등을 겪습니다.
분위기 및 심리변화: 액션과 긴장감 있는 분위기 속에서, 주인공은 영웅으로서의 책임을 다시 고민합니다."
353,The Favourite,Drama,"국가: 영국
줄거리: 18세기 영국 왕실에서 여왕의 총애를 받기 위한 두 여성의 경쟁을 그립니다.
분위기 및 심리변화: 풍자적이고 감정적으로 복잡한 분위기 속에서, 주인공들은 권력과 욕망을 추구합니다."
354,Casino (1995),Crime|Drama,"국가: 미국
줄거리: 라스베이거스의 카지노에서 권력과 배신을 둘러싼 갱스터들의 이야기를 그립니다.
분위기 및 심리변화: 어두운 분위기 속에서, 주인공들은 욕망과 배신의 갈등을 겪습니다."
355,Cube (1997),Horror|Mystery|Sci-Fi|Thriller,"국가: 캐나다
줄거리: 몇 명의 사람들이 기하학적인 함정이 가득한 큐브 속에서 탈출을 시도하는 이야기입니다.
분위기 및 심리변화: 긴장감 넘치고 불안한 분위기 속에서, 주인공들은 공포와 생존의 갈등을 겪습니다."
356,Heat (1995),Action|Crime|Thriller,"국가: 미국
줄거리: 경찰과 범죄자가 서로를 추적하며 벌어지는 긴장감 넘치는 범죄 드라마입니다.
분위기 및 심리변화: 강렬하고 스릴 넘치는 분위기 속에서, 주인공들은 정의와 범죄의 경계를 넘나듭니다."
357,Casino (1995),Crime|Drama,"국가: 미국
줄거리: 라스베이거스의 카지노에서 권력과 배신을 둘러싼 갱스터들의 이야기를 그립니다.
분위기 및 심리변화: 어두운 분위기 속에서, 주인공들은 욕망과 배신의 갈등을 겪습니다."
358,"Passion of the Christ, The (2004)",Drama,"국가: 미국
줄거리: 이 영화는 예수 그리스도의 마지막 12시간을 충실히 재현한 이야기이다.
분위기 및 심리변화: 강렬하고 비극적인 분위기 속에서, 주인공은 육체적 고통을 통해 영적인 완성을 보여준다."
359,The Dig (2021),Drama,"국가: 영국
줄거리: 영국의 고고학적 발굴 현장에서 발생한 역사적 사건을 중심으로 한 드라마입니다.
분위기 및 심리변화: 감성적이고 차분한 분위기 속에서, 주인공들은 발견과 연결의 가치를 배웁니다."
360,"Hobbit: An Unexpected Journey, The (2012)",Adventure|Fantasy|IMAX,"국가: 미국, 뉴질랜드
줄거리: 이 영화는 호빗 빌보 배긴스가 모험에 나서며 자신의 용기와 재능을 발견하는 이야기를 다룬다.
분위기 및 심리변화: 신비롭고 서사적인 분위기 속에서, 주인공은 평범한 일상에서 벗어나 용기를 얻고 성장한다."
361,Arrival (2016),Sci-Fi,"국가: 미국
줄거리: 외계인과의 소통을 시도하는 언어학자 루이스 뱅크스는 시간이 비선형적으로 흐르는 경험을 하며 언어와 시간의 관계를 탐구합니다.
분위기 및 심리변화: 영화는 감성적이고 철학적인 분위기 속에서, 주인공은 시간의 개념을 바꾸며 과거와 미래를 넘나드는 심리적 변화를 경험합니다."
362,Men in Black: International (2019),Action|Adventure|Comedy|Sci-Fi,"국가: 미국
줄거리: 외계 생명체들을 감시하는 비밀 요원들이 새로운 위협에 맞서는 이야기를 다룹니다.
분위기 및 심리변화: 유쾌하고 액션이 넘치는 분위기 속에서, 주인공들은 팀워크와 용기를 발휘합니다."
363,Children of Men (2006),Action|Adventure|Drama|Sci-Fi|Thriller,"국가: 영국
줄거리: 인류가 불임 위기에 처한 미래에서 한 여성을 보호하며 인류의 희망을 찾아가는 이야기입니다.
분위기 및 심리변화: 절망적이고 서사적인 분위기 속에서, 주인공은 희망과 인간성을 되새깁니다."
364,The Pale Blue Eye (2022),Crime|Horror|Mystery|Thriller,"국가: 미국
줄거리: 웨스트포인트 사관학교에서 발생한 미스터리한 사건을 해결하기 위한 형사의 이야기를 그립니다.
분위기 및 심리변화: 어둡고 긴장감 넘치는 분위기 속에서, 주인공은 진실과 정의를 추구합니다."
365,Friday the 13th (1980),Horror|Mystery|Thriller,"국가: 미국
줄거리: 젊은이들이 여름 캠프에서 연쇄 살인마에 의해 희생되는 공포 영화입니다.
분위기 및 심리변화: 공포스럽고 긴장감 넘치는 분위기 속에서, 주인공들은 생존을 위해 싸웁니다."
366,Hacksaw Ridge (2016),Drama|War,"국가: 미국
줄거리: 전쟁 중에 무기를 들지 않고도 전우들을 구한 실화를 바탕으로 한 감동적인 전쟁 드라마입니다.
분위기 및 심리변화: 강렬하고 감동적인 분위기 속에서, 주인공은 용기와 신념을 보여줍니다."
367,"Big Lebowski, The (1998)",Comedy|Crime,"국가: 미국
줄거리: 이 영화는 우연히 음모에 휘말린 한 남자가 일상의 유머와 혼란 속에서 사건을 해결하는 과정을 그린다.
분위기 및 심리변화: 유머러스하고 독특한 분위기 속에서, 주인공은 현실에 대한 무심함과 유연함을 보여준다."
368,Sorry to Bother You (2018),Comedy|Fantasy|Sci-Fi,"국가: 미국
줄거리: 콜센터 직원이 성공을 위해 목소리를 바꾸면서 겪는 사회적 문제와 자아 갈등을 다룹니다.
분위기 및 심리변화: 풍자적이고 독특한 분위기 속에서, 주인공은 자본주의와 자신의 정체성 사이에서 갈등합니다."
369,Asteroid City (2023),Comedy|Drama|Romance|Sci-Fi,"국가: 미국
줄거리: 작은 마을에 떨어진 운석을 둘러싸고 벌어지는 사건들을 다룬 드라마입니다.
분위기 및 심리변화: 독특하고 신비로운 분위기 속에서, 주인공들은 호기심과 발견의 즐거움을 경험합니다."
370,Deadpool (2016),Action|Adventure|Comedy|Sci-Fi,"국가: 미국
줄거리: 이 영화는 초능력을 얻은 후 복수를 위해 고군분투하는 반영웅의 이야기를 다룬다.
분위기 및 심리변화: 블랙 코미디와 액션이 결합된 분위기 속에서, 주인공은 고통 속에서도 유머와 자기 수용을 배운다."
371,Avatar: The Way of Water (2022),Action|Adventure|Sci-Fi,"국가: 미국
줄거리: 판도라의 바다와 새로운 문명 속에서 제이크와 네이티리가 가족을 지키기 위한 여정을 그립니다.
분위기 및 심리변화: 화려하고 감동적인 분위기 속에서, 주인공들은 가족과 생명의 소중함을 깨닫습니다."
372,"Matrix, The (1999)",Action|Sci-Fi|Thriller,"국가: 미국
줄거리: 이 영화는 가상현실과 인간의 자유 의지를 둘러싼 철학적 이야기를 중심으로 전개된다.
분위기 및 심리변화: 어둡고 혁신적인 분위기 속에서, 주인공은 진실을 깨닫고 내면적 강인함과 리더십을 갖춘다."
373,Citizen Kane (1941),Drama|Mystery,"국가: 미국
줄거리: 이 영화는 신문 재벌의 삶과 비극적 몰락을 회고하는 과정을 중심으로 한다.
분위기 및 심리변화: 서사적이고 감정적인 분위기 속에서, 주인공은 욕망과 고독 속에서 자신의 한계를 드러낸다."
374,Tropic Thunder (2008),Action|Adventure|Comedy|War,"국가: 미국
줄거리: 영화 촬영 도중 실제 전쟁 상황에 빠진 배우들이 겪는 코미디 영화입니다.
분위기 및 심리변화: 유머러스하고 풍자적인 분위기 속에서, 주인공들은 생존과 진정한 용기를 배웁니다."
375,"Matrix, The (1999)",Action|Sci-Fi|Thriller,"국가: 미국
줄거리: 이 영화는 가상현실과 인간의 자유 의지를 둘러싼 철학적 이야기를 중심으로 전개된다.
분위기 및 심리변화: 어둡고 혁신적인 분위기 속에서, 주인공은 진실을 깨닫고 내면적 강인함과 리더십을 갖춘다."
376,Airplane! (1980),Comedy,"국가: 미국
줄거리: 이 영화는 항공 사고를 둘러싼 유머러스한 사건과 그 해결 과정을 다룬다.
분위기 및 심리변화: 코믹하고 경쾌한 분위기 속에서, 주인공들은 위기를 유머와 기지를 통해 해결한다."
377,Ant-Man (2015),Action|Adventure|Sci-Fi,"국가: 미국
줄거리: 이 영화는 슈퍼히어로가 크기를 자유롭게 조절하며 악당을 물리치고 세상을 구하는 이야기를 다룬다.
분위기 및 심리변화: 유쾌하고 경쾌한 분위기 속에서, 주인공은 평범한 도둑에서 책임감 있는 영웅으로 성장한다."
378,Blade Runner (1982),Action|Sci-Fi|Thriller,"국가: 미국
줄거리: 인간과 유사한 로봇을 추적하는 형사가 자신의 정체성과 인간성에 대한 고민을 하게 되는 SF 영화입니다.
분위기 및 심리변화: 어둡고 철학적인 분위기 속에서, 주인공은 인간성과 기술의 갈등을 경험합니다."
379,Touch of Evil (1958),Crime|Film-Noir|Thriller,"국가: 미국
줄거리: 이 영화는 국경 도시에서 벌어진 살인 사건을 중심으로 진실과 부패를 탐구한다.
분위기 및 심리변화: 어둡고 긴장감 넘치는 분위기 속에서, 주인공은 정의와 부패 사이에서 갈등하며 진실을 추구한다."
380,Barbie (2023),Comedy,"국가: 미국
줄거리: 바비는 완벽한 세상에 살고 있다는 생각을 하다가, 현실 세계로 떨어지게 되며 진정으로 원하는 것이 무엇인지 깨닫기 시작합니다.
분위기 및 심리변화: 유머러스하고 경쾌한 분위기 속에서 주인공은 자아 찾기와 성장을 위한 여정을 그립니다."
381,Spider-Man: Into the Spider-Verse (2018),Action|Adventure|Animation|Sci-Fi,"국가: 미국
줄거리: 이 영화는 다양한 차원의 스파이더맨들이 협력하여 세상을 구하는 이야기를 그린다.
분위기 및 심리변화: 활기차고 창의적인 분위기 속에서, 주인공은 자기 정체성을 받아들이고 진정한 영웅으로 거듭난다."
382,Men in Black (a.k.a. MIB) (1997),Action|Comedy|Sci-Fi,"국가: 미국
줄거리: 이 영화는 지구를 지키는 비밀 조직의 요원들이 외계 생명체와 싸우며 벌어지는 모험을 다룬다.
분위기 및 심리변화: 유머러스하고 경쾌한 분위기 속에서, 주인공은 의심에서 자신감을 얻고 팀워크의 중요성을 배운다."
383,Crank (2006),Action|Thriller,"국가: 미국
줄거리: 독이 든 상태에서 살아남기 위해 아드레날린을 유지해야 하는 남자의 액션 스릴러입니다.
분위기 및 심리변화: 긴장감 넘치고 빠른 전개 속에서, 주인공은 생존과 복수의 갈등을 겪습니다."
384,Toy Story 3 (2010),Adventure|Animation|Children|Comedy|Fantasy|IMAX,"국가: 미국
줄거리: 장난감들이 주인과의 이별을 맞이하며 새로운 삶을 시작하는 이야기를 그립니다.
분위기 및 심리변화: 감동적이고 성숙한 분위기 속에서, 주인공들은 우정과 희생을 배웁니다."
385,Creed II (2018),Drama,"국가: 미국
줄거리: 복서 아도니스 크리드가 아버지를 죽인 드라고의 아들과 싸우며 복수와 용서를 배우는 이야기입니다.
분위기 및 심리변화: 감동적이고 강렬한 분위기 속에서, 주인공은 용기와 가족의 의미를 되새깁니다."
386,Barbarian (2022),Horror|Thriller,"국가: 미국
줄거리: 임시 거주지에서 이상한 현상을 경험하며 공포를 겪는 주인공의 이야기입니다.
분위기 및 심리변화: 긴장감 넘치고 공포스러운 분위기 속에서, 주인공은 두려움과 생존을 다짐합니다."
387,Guardians of the Galaxy Volume 3 (2023),Action|Adventure|Sci-Fi,"국가: 미국
줄거리: 은하를 지키기 위해 다양한 배경을 가진 영웅들이 함께하는 마지막 여정을 그립니다.
분위기 및 심리변화: 유머와 감동이 어우러진 분위기 속에서, 주인공들은 팀워크와 희생을 경험합니다."
388,Guardians of the Galaxy Volume 3 (2023),Action|Adventure|Sci-Fi,"국가: 미국
줄거리: 은하를 지키기 위해 다양한 배경을 가진 영웅들이 함께하는 마지막 여정을 그립니다.
분위기 및 심리변화: 유머와 감동이 어우러진 분위기 속에서, 주인공들은 팀워크와 희생을 경험합니다."
389,The Hunger Games (2012),Action|Adventure|Drama|Sci-Fi|Thriller,"국가: 미국
줄거리: 독재 정부가 주최하는 생존 게임에서 소녀가 목숨을 걸고 싸우며 혁명의 씨앗을 심는 이야기입니다.
분위기 및 심리변화: 긴장감 넘치고 감동적인 분위기 속에서, 주인공은 용기와 희생을 배웁니다."
390,"Cat in the Hat, The (2003)",Children|Comedy,"국가: 미국
줄거리: 이 영화는 마법 같은 고양이가 어린이들과 함께 벌이는 유쾌한 소동을 중심으로 전개된다.
분위기 및 심리변화: 코믹하고 밝은 분위기 속에서, 주인공들은 규칙과 자유 사이의 균형을 배운다."
391,Clueless (1995),Comedy|Romance,"국가: 미국
줄거리: 고등학생 소녀가 주변 사람들을 도우며 자아를 발견하는 과정을 그린 로맨틱 코미디입니다.
분위기 및 심리변화: 밝고 경쾌한 분위기 속에서, 주인공은 성장과 자아 발견을 경험합니다."
392,Zoolander (2001),Comedy,"국가: 미국
줄거리: 패션 모델이 정치 음모에 휘말리며 벌어지는 코미디 영화입니다.
분위기 및 심리변화: 유머러스하고 풍자적인 분위기 속에서, 주인공은 자기 발견과 용기를 배웁니다."
393,Looper (2012),Action|Crime|Sci-Fi,"국가: 미국
줄거리: 암살자가 시간 여행을 통해 자신의 과거와 맞서 싸우는 이야기를 다룬 SF 영화입니다.
분위기 및 심리변화: 어둡고 긴장감 넘치는 분위기 속에서, 주인공은 운명과 선택의 갈등을 겪습니다."
394,Caddyshack (1980),Comedy,"국가: 미국
줄거리: 골프장 직원들과 손님들이 벌이는 유쾌한 소동을 다룬 코미디 영화입니다.
분위기 및 심리변화: 유머와 즐거움이 가득한 분위기 속에서, 주인공들은 일상 속의 즐거움을 경험합니다."
395,Oppenheimer (2023),Drama,"국가: 미국
줄거리: 원자폭탄 개발의 역사적 순간을 다룬 영화로, 과학자 오펜하이머의 삶과 도덕적 갈등을 그립니다.
분위기 및 심리변화: 진지하고 역사적인 분위기 속에서, 주인공은 책임감과 윤리적 갈등을 경험합니다."
396,Brave (2012),Action|Adventure|Animation|Children,"국가: 미국
줄거리: 스코틀랜드 공주가 자신의 운명을 개척하기 위해 모험을 떠나는 이야기입니다.
분위기 및 심리변화: 용기 있고 감동적인 분위기 속에서, 주인공은 자신과의 싸움을 통해 성장합니다."
397,X-Men: Days of Future Past (2014),Action|Adventure|Sci-Fi,"국가: 미국
줄거리: 엑스맨들이 과거로 돌아가 미래의 재앙을 막기 위해 싸우는 이야기를 다룹니다.
분위기 및 심리변화: 스릴 넘치는 분위기 속에서, 주인공들은 희생과 팀워크의 중요성을 깨닫습니다."
398,Shazam! Fury of the Gods (2023),Action|Comedy|Fantasy,"국가: 미국
줄거리: 어린 소년이 슈퍼히어로로 변신해 신의 능력을 얻고 악에 맞서는 이야기를 다룹니다.
분위기 및 심리변화: 유쾌하고 감동적인 분위기 속에서, 주인공은 용기와 책임을 배웁니다."
399,Another Round (2020),Drama,"국가: 덴마크
줄거리: 네 명의 친구들이 매일 일정량의 술을 마시면서 삶의 변화를 실험하는 이야기입니다.
분위기 및 심리변화: 유머와 감동이 어우러진 분위기 속에서, 주인공들은 자신과 삶의 의미를 되새깁니다."
400,"I, Robot (2004)",Action|Adventure|Sci-Fi|Thriller,"국가: 미국
줄거리: 로봇이 인간 사회에 퍼진 미래에서 한 형사가 로봇에 관한 음모를 파헤치는 이야기입니다.
분위기 및 심리변화: 스릴 넘치고 철학적인 분위기 속에서, 주인공은 인간성과 기술의 갈등을 경험합니다."
401,"Godfather, The (1972)",Crime|Drama,"국가: 미국
줄거리: 이 영화는 마피아 가문의 권력 다툼과 가족 관계를 중심으로 한 이야기를 다룬다.
분위기 및 심리변화: 어둡고 서사적인 분위기 속에서, 주인공은 순수함에서 냉혹한 권력자로 변한다."
402,Shaun of the Dead (2004),Comedy|Horror,"국가: 영국
줄거리: 좀비 아포칼립스 속에서 살아남기 위해 친구들과 분투하는 코미디 호러 영화입니다.
분위기 및 심리변화: 유머와 공포가 어우러진 분위기 속에서, 주인공들은 생존과 용기를 배웁니다."
403,Zootopia (2016),Action|Adventure|Animation|Children|Comedy,"국가: 미국
줄거리: 다양한 동물들이 살아가는 도시에서 토끼 경찰관이 사건을 해결하며 편견과 싸우는 이야기입니다.
분위기 및 심리변화: 유쾌하고 교육적인 분위기 속에서, 주인공은 용기와 포용의 가치를 배웁니다."
404,Dungeons & Dragons: Honor Among Thieves (2023),Action|Adventure|Fantasy,"국가: 미국
줄거리: 도둑과 모험가들이 함께 마법 세계에서 보물을 찾기 위한 여정을 떠납니다.
분위기 및 심리변화: 판타지와 모험이 어우러진 분위기 속에서, 주인공들은 팀워크와 우정을 배웁니다."
405,Barbie (2023),Comedy,"국가: 미국
줄거리: 바비는 완벽한 세상에 살고 있다는 생각을 하다가, 현실 세계로 떨어지게 되며 진정으로 원하는 것이 무엇인지 깨닫기 시작합니다.
분위기 및 심리변화: 유머러스하고 경쾌한 분위기 속에서 주인공은 자아 찾기와 성장을 위한 여정을 그립니다."
406,Super 8 (2011),Mystery|Sci-Fi|Thriller|IMAX,"국가: 미국
줄거리: 1979년 작은 마을에서 기차 사고로 외계 생명체가 탈출하며 벌어지는 이야기를 그린 SF 영화입니다.
분위기 및 심리변화: 미스터리하고 스릴 넘치는 분위기 속에서, 주인공들은 용기와 우정을 경험합니다."
407,Mean Girls (2004),Comedy,"국가: 미국
줄거리: 이 영화는 고등학교의 소셜 네트워크와 인기 경쟁 속에서 벌어지는 갈등과 성장을 다룬다.
분위기 및 심리변화: 유머러스하고 풍자적인 분위기 속에서, 주인공은 자신과 타인에 대한 이해를 넓히며 성숙해진다."
408,Shazam! Fury of the Gods (2023),Action|Comedy|Fantasy,"국가: 미국
줄거리: 어린 소년이 슈퍼히어로로 변신해 신의 능력을 얻고 악에 맞서는 이야기를 다룹니다.
분위기 및 심리변화: 유쾌하고 감동적인 분위기 속에서, 주인공은 용기와 책임을 배웁니다."
409,Barbie (2023),Comedy,"국가: 미국
줄거리: 바비는 완벽한 세상에 살고 있다는 생각을 하다가, 현실 세계로 떨어지게 되며 진정으로 원하는 것이 무엇인지 깨닫기 시작합니다.
분위기 및 심리변화: 유머러스하고 경쾌한 분위기 속에서 주인공은 자아 찾기와 성장을 위한 여정을 그립니다."
410,"Dark Knight, The (2008)",Action|Crime|Drama|IMAX,"국가: 미국
줄거리: 이 영화는 배트맨이 혼돈의 상징인 조커와 대결하며 고담시를 구하려는 이야기를 다룬다.
분위기 및 심리변화: 어둡고 강렬한 분위기 속에서, 주인공은 신념과 책임감 사이에서 내적 갈등을 극복하며 영웅으로 거듭난다."
411,Top Gun: Maverick (2022),Action|Drama,"국가: 미국
줄거리: 베테랑 조종사 매버릭은 새로운 세대의 젊은 조종사들을 훈련시키며, 자신의 과거와 항공전의 급변하는 세계에 맞서야 하는 이야기를 그립니다.
분위기 및 심리변화: 강렬한 액션과 향수를 자극하며, 주인공은 자신의 한계를 시험하고 용기를 되찾는 과정을 경험합니다."
412,Creed II (2018),Drama,"국가: 미국
줄거리: 복서 아도니스 크리드가 아버지를 죽인 드라고의 아들과 싸우며 복수와 용서를 배우는 이야기입니다.
분위기 및 심리변화: 감동적이고 강렬한 분위기 속에서, 주인공은 용기와 가족의 의미를 되새깁니다."
413,Inside Job (2010),Documentary,"국가: 미국
줄거리: 이 다큐멘터리는 2008년 금융 위기의 원인과 그로 인한 파급 효과를 분석한다.
분위기 및 심리변화: 날카롭고 탐구적인 분위기 속에서, 관객은 경제 시스템에 대한 통찰과 비판적 사고를 얻는다."
414,Raising Arizona (1987),Comedy,"국가: 미국
줄거리: 이 영화는 아이를 훔친 부부가 겪는 엉뚱한 사건과 성장 과정을 그린다.
분위기 및 심리변화: 유머러스하고 따뜻한 분위기 속에서, 주인공들은 자신들의 행동에 대한 책임을 배우며 관계를 회복한다."
415,"Hangover, The (2009)",Comedy|Crime,"국가: 미국
줄거리: 이 영화는 라스베이거스에서 벌어진 결혼 전날 밤의 소동과 그 후일담을 다룬다.
분위기 및 심리변화: 코믹하고 혼란스러운 분위기 속에서, 주인공들은 사건의 실마리를 풀며 우정을 확인한다."
416,Ice Age 4: Continental Drift (2012),Adventure|Animation|Comedy,"국가: 미국
줄거리: 이 영화는 대륙 이동 과정에서 벌어지는 모험과 가족 간의 유대를 다룬다.
분위기 및 심리변화: 유쾌하고 감동적인 분위기 속에서, 주인공들은 어려움 속에서도 희망과 협력의 가치를 배운다."
417,Us (2019),Horror|Thriller,"국가: 미국
줄거리: 이 영화는 한 가족이 자신들과 동일한 모습의 존재들에게 공격받으며 밝혀지는 충격적인 진실을 다룬다.
분위기 및 심리변화: 어둡고 불안한 분위기 속에서, 주인공은 두려움에서 생존과 진실을 향한 강한 결단력으로 변화한다."
418,Brave (2012),Action|Adventure|Animation|Children,"국가: 미국
줄거리: 스코틀랜드 공주가 자신의 운명을 개척하기 위해 모험을 떠나는 이야기입니다.
분위기 및 심리변화: 용기 있고 감동적인 분위기 속에서, 주인공은 자신과의 싸움을 통해 성장합니다."
419,Ferris Bueller's Day Off (1986),Comedy,"국가: 미국
줄거리: 고등학생이 학교를 빠지고 친구들과 즐거운 하루를 보내는 이야기입니다.
분위기 및 심리변화: 유쾌하고 자유로운 분위기 속에서, 주인공은 젊음과 자유의 가치를 만끽합니다."
420,Talk to Me (2022),Horror,"국가: 미국
줄거리: 이 영화는 고립감과 소통의 부재가 어떻게 사람들의 정신적 상태에 영향을 미치는지에 대해 탐구하며, 헤드의 심리적 변화가 관객에게 전달됩니다.
분위기 및 심리변화: 다크하고 감정적인 분위기 속에서 주인공은 내면적 갈등과 변화를 겪습니다."
421,"Silence of the Lambs, The (1991)",Crime|Horror|Thriller,"국가: 미국
줄거리: 이 영화는 연쇄살인범을 추적하는 FBI 요원이 수감 중인 정신과 의사의 도움을 받으며 벌어지는 심리전을 다룬다.
분위기 및 심리변화: 음산하고 긴장감 넘치는 분위기 속에서, 주인공은 두려움을 극복하고 냉철함을 갖추게 된다."
422,Home Alone (1990),Children|Comedy,"국가: 미국
줄거리: 크리스마스에 혼자 남은 소년이 도둑들을 물리치기 위해 집을 지키는 이야기입니다.
분위기 및 심리변화: 유쾌하고 모험적인 분위기 속에서, 주인공은 용기와 창의성을 발휘합니다."
423,"Graduate, The (1967)",Comedy|Drama|Romance,"국가: 미국
줄거리: 이 영화는 대학을 졸업한 젊은 남자가 중년 여성과의 관계와 새로운 사랑 사이에서 갈등하는 이야기를 다룬다.
분위기 및 심리변화: 풍자적이고 감정적인 분위기 속에서, 주인공은 혼란에서 성숙함으로 나아간다."
424,Free Guy (2020),Action|Adventure|Comedy|Sci-Fi,"국가: 미국
줄거리: 비디오 게임 속 NPC가 자아를 깨닫고 진정한 영웅이 되기 위한 여정을 떠나는 이야기입니다.
분위기 및 심리변화: 유쾌하고 상상력 넘치는 분위기 속에서, 주인공은 자신을 발견하고 성장합니다."
425,Pineapple Express (2008),Action|Comedy|Crime,"국가: 미국
줄거리: 마약을 둘러싼 두 친구가 위험에 처하며 벌어지는 유쾌한 액션 코미디입니다.
분위기 및 심리변화: 유머러스하고 긴장감 넘치는 분위기 속에서, 주인공들은 우정과 용기를 배웁니다."
426,Star Wars: Episode IV - A New Hope (1977),Action|Adventure|Sci-Fi,"국가: 미국
줄거리: 젊은 루크 스카이워커가 은하계를 구하기 위해 제다이로서의 여정을 시작하는 이야기입니다.
분위기 및 심리변화: 영웅적이고 서사적인 분위기 속에서, 주인공은 용기와 희망을 발견합니다."
427,Ratatouille (2007),Animation|Children|Drama,"국가: 미국
줄거리: 요리를 사랑하는 쥐가 파리의 유명한 레스토랑에서 셰프가 되기 위해 도전하는 이야기입니다.
분위기 및 심리변화: 유쾌하고 영감을 주는 분위기 속에서, 주인공은 꿈과 열정의 가치를 배웁니다."
428,Nausicaä of the Valley of the Wind (Kaze no tani no Naushika) (1984),Adventure|Animation|Drama|Fantasy|Sci-Fi,"국가: 일본
줄거리: 이 영화는 환경 파괴로 인해 황폐해진 세계에서 자연과 평화를 지키기 위한 주인공의 노력을 그린다.
분위기 및 심리변화: 서정적이고 신비로운 분위기 속에서, 주인공은 책임감과 용기를 통해 지도자로 성장한다."
429,Barbie (2023),Comedy,"국가: 미국
줄거리: 바비는 완벽한 세상에 살고 있다는 생각을 하다가, 현실 세계로 떨어지게 되며 진정으로 원하는 것이 무엇인지 깨닫기 시작합니다.
분위기 및 심리변화: 유머러스하고 경쾌한 분위기 속에서 주인공은 자아 찾기와 성장을 위한 여정을 그립니다."
430,Gone Girl (2014),Drama|Thriller,"국가: 미국
줄거리: 실종된 아내를 찾는 남편이 언론과 경찰의 관심 속에서 의심을 받으며 벌어지는 미스터리 스릴러입니다.
분위기 및 심리변화: 어둡고 긴장감 넘치는 분위기 속에서, 주인공들은 진실과 의심의 갈등을 겪습니다."
431,Indiana Jones and the Dial of Destiny (2023),Action|Adventure,"국가: 미국
줄거리: 인디아나 존스는 신비한 타임 머신을 둘러싼 모험을 그리며, 젊었을 때와는 다른 인물로 변화했음을 깨닫습니다.
분위기 및 심리변화: 액션과 모험이 중심이며, 주인공의 나이와 경험에 따른 내적 갈등과 변화가 중요한 테마입니다."
432,"Incredibles, The (2004)",Action|Adventure|Animation|Children|Comedy,"국가: 미국
줄거리: 이 영화는 은퇴한 슈퍼히어로 가족이 다시 세상을 구하기 위해 힘을 합치는 이야기를 다룬다.
분위기 및 심리변화: 유쾌하고 활기찬 분위기 속에서, 주인공들은 가족의 중요성과 협력을 배우며 성장한다."
433,Black Widow (2021),Action|Adventure|Drama|Thriller,"국가: 미국
줄거리: 블랙 위도우가 자신의 과거를 청산하기 위해 위험한 임무에 뛰어드는 액션 영화입니다.
분위기 및 심리변화: 긴장감 넘치고 액션이 가득한 분위기 속에서, 주인공은 가족과 자기 발견을 경험합니다."
434,"Social Network, The (2010)",Drama,"국가: 미국
줄거리: 이 영화는 페이스북의 창립과 그 과정에서 벌어진 갈등과 성공을 중심으로 전개된다.
분위기 및 심리변화: 날카롭고 현실적인 분위기 속에서, 주인공은 성공과 배신 사이에서 갈등하며 복잡한 내적 변화를 겪는다."
435,"Truman Show, The (1998)",Comedy|Drama|Sci-Fi,"국가: 미국
줄거리: 이 영화는 자신의 삶이 거대한 리얼리티 쇼라는 사실을 깨달은 남자의 이야기를 다룬다.
분위기 및 심리변화: 독창적이고 철학적인 분위기 속에서, 주인공은 혼란에서 자유를 향한 결단력으로 나아간다."
436,From Dusk Till Dawn (1996),Action|Comedy|Horror|Thriller,"국가: 미국
줄거리: 은행 강도들이 우연히 흡혈귀가 있는 바에 들어가며 벌어지는 공포 액션 영화입니다.
분위기 및 심리변화: 긴장감 넘치고 폭력적인 분위기 속에서, 주인공들은 생존을 위해 싸웁니다."
437,Bottoms (2023),Comedy,"국가: 미국
줄거리: 두 여고생이 친구를 만들기 위해 싸움 클럽을 시작하며 겪는 이야기를 다룬 코미디입니다.
분위기 및 심리변화: 유머러스하고 독특한 분위기 속에서, 주인공들은 우정과 자아를 발견합니다."
438,John Wick: Chapter 4 (2023),Action|Crime|Thriller,"국가: 미국
줄거리: 존 윅은 자신을 노리는 수많은 적들과 치열한 싸움을 벌이며 자신의 자유와 평화를 찾기 위해 고군분투합니다.
분위기 및 심리변화: 강렬하고 어두운 분위기 속에서, 주인공은 복수와 생존 사이에서 내면의 갈등을 겪습니다."
439,Hereditary (2018),(no genres listed),"국가: 미국
줄거리: 가족의 죽음 이후 초자연적 사건을 겪으며 고통에 빠진 가족의 이야기입니다.
분위기 및 심리변화: 불안하고 공포스러운 분위기 속에서, 주인공들은 상실과 두려움을 경험합니다."
440,"South Park: Bigger, Longer and Uncut (1999)",Animation|Comedy|Musical,"국가: 미국
줄거리: 사우스 파크의 아이들이 영화를 보고 벌어지는 소동을 그린 풍자 애니메이션 영화입니다.
분위기 및 심리변화: 유머러스하고 풍자적인 분위기 속에서, 주인공들은 자유와 검열에 대한 갈등을 겪습니다."
441,The Imitation Game (2014),Drama|Thriller|War,"국가: 영국
줄거리: 천재 수학자 앨런 튜링이 2차 세계대전 중 암호를 해독하는 과정을 다룹니다.
분위기 및 심리변화: 긴장감 넘치고 감동적인 분위기 속에서, 주인공은 편견과 싸우며 내면의 강인함을 드러냅니다."
442,Portrait of a Lady on Fire (2019),Drama|Romance,"국가: 프랑스
줄거리: 18세기 프랑스에서 여성 화가와 모델이 사랑에 빠지는 이야기를 그린 로맨스 드라마입니다.
분위기 및 심리변화: 서정적이고 감성적인 분위기 속에서, 주인공들은 사랑과 자아를 탐구합니다."
443,Ghostbusters: Afterlife (2021),Comedy|Fantasy,"국가: 미국
줄거리: 새로운 세대의 아이들이 유령 사냥꾼의 유산을 발견하고 새로운 모험에 나서는 이야기입니다.
분위기 및 심리변화: 유쾌하고 신비로운 분위기 속에서, 주인공들은 가족과 용기의 가치를 배웁니다."
444,Face/Off (1997),Action|Crime|Drama|Thriller,"국가: 미국
줄거리: 경찰과 범죄자가 서로의 얼굴을 바꿔 정체성을 숨기고 싸우는 액션 스릴러입니다.
분위기 및 심리변화: 긴장감 넘치고 스릴 넘치는 분위기 속에서, 주인공들은 복수와 정의의 갈등을 겪습니다."
445,Smile (2022),Horror,"국가: 미국
줄거리: 수상한 미소를 띠는 사람들로 인해 불안과 공포에 휩싸이는 주인공의 이야기입니다.
분위기 및 심리변화: 공포스럽고 긴장감 넘치는 분위기 속에서, 주인공은 생존과 두려움에 맞섭니다."
446,Shrek 2 (2004),Adventure|Animation|Children|Comedy|Musical|Romance,"국가: 미국
줄거리: 슈렉과 피오나가 피오나의 부모님을 만나며 벌어지는 모험과 사랑의 이야기입니다.
분위기 및 심리변화: 유쾌하고 감동적인 분위기 속에서, 주인공은 사랑과 우정의 가치를 재발견합니다."
447,Fargo (1996),Comedy|Crime|Drama|Thriller,"국가: 미국
줄거리: 범죄 계획이 어그러지며 벌어지는 일련의 사건을 그린 범죄 스릴러입니다.
분위기 및 심리변화: 어둡고 긴장감 넘치는 분위기 속에서, 주인공들은 탐욕과 도덕적 갈등을 겪습니다."
448,The Matrix Resurrections (2021),Action|Adventure|Sci-Fi,"국가: 미국
줄거리: 네오가 다시 한 번 가상 현실과 현실의 경계를 넘나들며 인류의 자유를 위해 싸우는 이야기입니다.
분위기 및 심리변화: 철학적이고 스릴 넘치는 분위기 속에서, 주인공은 진실과 선택의 갈등을 경험합니다."
449,"Downfall (Untergang, Der) (2004)",Drama|War,"국가: 독일, 이탈리아, 오스트리아
줄거리: 이 영화는 제2차 세계대전 말기 히틀러의 몰락과 독일의 패전을 중심으로 전개된다.
분위기 및 심리변화: 무거운 분위기 속에서, 등장인물들은 절망과 패배를 직면하며 각자의 결말을 맞이한다."
450,Triangle of Sadness (2022),Comedy|Drama,"국가: 스웨덴
줄거리: 부유한 사람들이 탄 호화 크루즈에서 벌어지는 풍자적인 이야기를 통해 사회적 이슈를 다룹니다.
분위기 및 심리변화: 풍자적이고 불편한 분위기 속에서, 주인공들은 자아와 사회적 역할에 대한 갈등을 겪습니다."
451,Guardians of the Galaxy Volume 3 (2023),Action|Adventure|Sci-Fi,"국가: 미국
줄거리: 은하를 지키기 위해 다양한 배경을 가진 영웅들이 함께하는 마지막 여정을 그립니다.
분위기 및 심리변화: 유머와 감동이 어우러진 분위기 속에서, 주인공들은 팀워크와 희생을 경험합니다."
452,Her (2013),Drama|Romance|Sci-Fi,"국가: 미국
줄거리: 인공지능 운영체제와 사랑에 빠진 남자의 이야기를 그린 SF 로맨스입니다.
분위기 및 심리변화: 서정적이고 감성적인 분위기 속에서, 주인공은 외로움과 사랑을 탐구합니다."
453,"Lincoln Lawyer, The (2011)",Crime|Drama|Thriller,"국가: 미국
줄거리: 이 영화는 자동차를 사무실로 사용하는 변호사가 얽히고설킨 사건의 진실을 밝히는 과정을 그린다.
분위기 및 심리변화: 긴장감 넘치는 분위기 속에서, 주인공은 직업적 윤리와 정의 사이에서 갈등하며 성장한다."
454,The Hand of God (2021),Drama,"국가: 이탈리아
줄거리: 축구와 영화에 대한 열정을 가진 한 소년의 성장 이야기를 그린 드라마입니다.
분위기 및 심리변화: 서정적이고 감동적인 분위기 속에서, 주인공은 꿈과 성장을 경험합니다."
455,Finding Nemo (2003),Adventure|Animation|Children|Comedy,"국가: 미국
줄거리: 실종된 아들 니모를 찾기 위해 바다를 탐험하는 아버지의 이야기를 그립니다.
분위기 및 심리변화: 따뜻하고 감동적인 분위기 속에서, 주인공은 가족의 소중함을 깨닫습니다."
456,Harry Potter and the Sorcerer's Stone (a.k.a. Harry Potter and the Philosopher's Stone) (2001),Adventure|Children|Fantasy,"국가: 영국, 미국
줄거리: 이 영화는 마법 세계에 입문한 소년이 친구들과 함께 마법을 배우며 악과 맞서는 이야기를 다룬다.
분위기 및 심리변화: 신비롭고 모험적인 분위기 속에서, 주인공은 두려움에서 용기와 우정의 가치를 배운다."
457,Secret Window (2004),Mystery|Thriller,"국가: 미국
줄거리: 작가가 미스터리한 인물로부터 도둑맞은 아이디어에 대한 비난을 받으며 벌어지는 스릴러입니다.
분위기 및 심리변화: 불안하고 긴장감 넘치는 분위기 속에서, 주인공은 심리적 갈등을 경험합니다."
458,Oppenheimer (2023),Drama,"국가: 미국
줄거리: 원자폭탄 개발의 역사적 순간을 다룬 영화로, 과학자 오펜하이머의 삶과 도덕적 갈등을 그립니다.
분위기 및 심리변화: 진지하고 역사적인 분위기 속에서, 주인공은 책임감과 윤리적 갈등을 경험합니다."
459,Harry Potter and the Goblet of Fire (2005),Adventure|Fantasy|Thriller|IMAX,"국가: 영국
줄거리: 해리는 위험한 마법 대회에 참가하게 되며, 점차 다가오는 어둠의 세력과 마주하게 됩니다.
분위기 및 심리변화: 긴장감 넘치고 모험적인 분위기 속에서, 주인공은 용기와 책임감을 배워갑니다."
460,From Russia with Love (1963),Action|Adventure|Thriller,"국가: 영국
줄거리: 제임스 본드가 러시아에서 스파이 임무를 수행하며 적과 맞서는 이야기입니다.
분위기 및 심리변화: 긴장감 넘치는 분위기 속에서, 주인공은 용기와 전략을 발휘합니다."
461,My Octopus Teacher (2020),Documentary,"국가: 남아프리카공화국
줄거리: 다큐멘터리 감독이 바닷속 문어와 우정을 쌓으며 자연과 생명에 대한 깨달음을 얻는 이야기입니다.
분위기 및 심리변화: 감성적이고 영감을 주는 분위기 속에서, 주인공은 자연의 아름다움과 교감을 경험합니다."
462,Gran Torino (2008),Crime|Drama,"국가: 미국
줄거리: 퇴역 군인이 자신의 이웃을 보호하며 인종 간의 이해와 용서를 배우는 이야기입니다.
분위기 및 심리변화: 진지하고 감동적인 분위기 속에서, 주인공은 용서와 화해를 경험합니다."
463,Zodiac (2007),Crime|Drama|Thriller,"국가: 미국
줄거리: 연쇄 살인 사건을 조사하는 기자와 탐정의 이야기를 그린 미스터리 스릴러입니다.
분위기 및 심리변화: 긴장감 넘치는 분위기 속에서, 주인공들은 진실과 집착의 갈등을 겪습니다."
464,The Super Mario Bros. Movie (2023),Adventure|Animation|Children|Comedy|Fantasy,"국가: 미국
줄거리: 마리오와 루이지가 모험을 통해 악당을 물리치고 왕국을 구하는 이야기를 그립니다.
분위기 및 심리변화: 유쾌하고 모험적인 분위기 속에서, 주인공들은 용기와 협동의 가치를 배웁니다."
465,Whiplash (2014),Drama,"국가: 미국
줄거리: 젊은 드러머가 완벽을 추구하는 가혹한 스승과 함께 극한의 연습을 견디며 음악적 성취를 이룬다.
분위기 및 심리변화: 긴장감 넘치고 강렬한 분위기 속에서, 주인공은 열정과 자기 희생의 의미를 배웁니다."
466,"Royal Tenenbaums, The (2001)",Comedy|Drama,"국가: 미국
줄거리: 이 영화는 독특한 가족 구성원들이 각자의 상처를 극복하며 다시 뭉치는 과정을 그린다.
분위기 및 심리변화: 유머러스하고 감정적인 분위기 속에서, 주인공들은 서로를 이해하며 화해와 성숙을 이룬다."
467,"Shawshank Redemption, The (1994)",Crime|Drama,"국가: 미국
줄거리: 이 영화는 억울하게 수감된 남자가 희망과 인간애를 통해 교도소에서 자신의 삶을 변화시키는 과정을 그린다.
분위기 및 심리변화: 감동적이고 희망적인 분위기 속에서, 주인공은 절망에서 희망과 용기로 성장한다."
468,Scream (1996),Comedy|Horror|Mystery|Thriller,"국가: 미국
줄거리: 이 영화는 가면을 쓴 살인자가 고등학생들을 하나씩 노리며 벌어지는 긴장감 넘치는 이야기를 다룬다.
분위기 및 심리변화: 공포스럽고 미스터리한 분위기 속에서, 주인공은 두려움 속에서 생존과 진실을 향한 결단력으로 변화한다."
469,Dungeons & Dragons: Honor Among Thieves (2023),Action|Adventure|Fantasy,"국가: 미국
줄거리: 도둑과 모험가들이 함께 마법 세계에서 보물을 찾기 위한 여정을 떠납니다.
분위기 및 심리변화: 판타지와 모험이 어우러진 분위기 속에서, 주인공들은 팀워크와 우정을 배웁니다."
470,Emma (2020),Comedy|Drama,"국가: 영국
줄거리: 이 영화는 제인 오스틴의 소설을 원작으로, 사랑과 결혼을 중개하려는 여주인공의 이야기를 다룬다.
분위기 및 심리변화: 우아하고 경쾌한 분위기 속에서, 주인공은 자신의 오만을 깨닫고 내적 성숙을 이룬다."
471,"Bug's Life, A (1998)",Adventure|Animation|Children|Comedy,"국가: 미국
줄거리: 이 영화는 약한 개미 집단이 강한 외부 적으로부터 자신들을 지키기 위해 협력하는 이야기를 다룬다.
분위기 및 심리변화: 유쾌하고 교훈적인 분위기 속에서, 주인공은 두려움을 극복하고 리더십을 발휘한다."
472,Ford v. Ferrari (2019),Action|Drama,"국가: 미국
줄거리: 이 영화는 1966년 르망 24시 레이스를 배경으로, 포드와 페라리의 경쟁을 중심으로 한 이야기를 다룬다.
분위기 및 심리변화: 긴장감 넘치고 영감을 주는 분위기 속에서, 주인공들은 도전과 협력의 가치를 깨닫는다."
473,El Camino: A Breaking Bad Movie (2019),Crime|Drama|Thriller,"국가: 미국
줄거리: 탈출한 제시가 과거의 어둠에서 벗어나 새 삶을 찾기 위해 노력하는 이야기를 그립니다.
분위기 및 심리변화: 어둡고 긴장감 넘치는 분위기 속에서, 주인공은 자유와 속죄를 위해 고군분투합니다."
474,"Hobbit: An Unexpected Journey, The (2012)",Adventure|Fantasy|IMAX,"국가: 미국, 뉴질랜드
줄거리: 이 영화는 호빗 빌보 배긴스가 모험을 통해 자신의 용기와 능력을 발견하는 이야기를 그린다.
분위기 및 심리변화: 신비롭고 서사적인 분위기 속에서, 주인공은 평범함에서 벗어나 성장과 자기 발견을 이룬다."
475,"Hangover, The (2009)",Comedy|Crime,"국가: 미국
줄거리: 이 영화는 결혼식 전날 밤의 소동과 다음 날 기억을 찾는 과정을 다룬 코미디이다.
분위기 및 심리변화: 유머러스하고 혼란스러운 분위기 속에서, 주인공들은 우정을 강화하며 문제를 해결한다."
476,Interstellar (2014),Sci-Fi|IMAX,"국가: 미국, 영국
줄거리: 이 영화는 인류의 생존을 위해 새로운 행성을 찾기 위해 우주로 떠난 탐사팀의 이야기를 다룬다.
분위기 및 심리변화: 서사적이고 철학적인 분위기 속에서, 주인공은 희생과 사랑을 통해 인간의 한계를 넘는다."
477,Lady Bird (2017),Comedy,"국가: 미국
줄거리: 자신만의 정체성을 찾으려는 한 소녀가 가족과의 갈등 속에서 성장해가는 과정을 그립니다.
분위기 및 심리변화: 감성적이고 현실적인 분위기 속에서, 주인공은 자아와 가족의 중요성을 이해하며 성숙해집니다."
478,Enola Holmes,Drama|Mystery,"국가: 영국, 미국
줄거리: 이 영화는 셜록 홈즈의 여동생 에놀라가 실종된 어머니를 찾으며 탐정으로서의 능력을 발휘하는 이야기를 다룬다.
분위기 및 심리변화: 밝고 모험적인 분위기 속에서, 주인공은 독립성과 지혜를 통해 성장한다."
479,"Big Lebowski, The (1998)",Comedy|Crime,"국가: 미국
줄거리: 이 영화는 우연히 음모에 휘말린 한 남자가 일상의 유머와 혼란 속에서 사건을 해결하는 과정을 그린다.
분위기 및 심리변화: 유머러스하고 독특한 분위기 속에서, 주인공은 현실에 대한 무심함과 유연함을 보여준다."
480,Blade Runner (1982),Action|Sci-Fi|Thriller,"국가: 미국
줄거리: 인간과 유사한 로봇을 추적하는 형사가 자신의 정체성과 인간성에 대한 고민을 하게 되는 SF 영화입니다.
분위기 및 심리변화: 어둡고 철학적인 분위기 속에서, 주인공은 인간성과 기술의 갈등을 경험합니다."
481,"Terminal, The (2004)",Comedy|Drama|Romance,"국가: 미국
줄거리: 이 영화는 한 남자가 공항에서 출입국 문제로 갇히면서 새로운 삶을 만들어가는 이야기를 다룬다.
분위기 및 심리변화: 따뜻하고 감동적인 분위기 속에서, 주인공은 절망 속에서도 긍정과 유연함을 배운다."
482,The Imitation Game (2014),Drama|Thriller|War,"국가: 영국
줄거리: 천재 수학자 앨런 튜링이 2차 세계대전 중 암호를 해독하는 과정을 다룹니다.
분위기 및 심리변화: 긴장감 넘치고 감동적인 분위기 속에서, 주인공은 편견과 싸우며 내면의 강인함을 드러냅니다."
483,Roald Dahl's Matilda the Musical (2022),Children|Comedy|Fantasy,"국가: 영국
줄거리: 특별한 능력을 가진 소녀가 가혹한 환경에서 자신을 지키며 다른 이들을 돕는 이야기입니다.
분위기 및 심리변화: 유쾌하고 감동적인 분위기 속에서, 주인공은 자신감과 정의감을 배웁니다."
484,Hidden Figures (2016),Drama,"국가: 미국
줄거리: NASA에서 일하는 아프리카계 여성들이 인종 차별과 성차별을 극복하며 중요한 역할을 수행하는 이야기입니다.
분위기 및 심리변화: 감동적이고 영감을 주는 분위기 속에서, 주인공들은 자신감과 인내를 배웁니다."
485,Free Guy (2020),Action|Adventure|Comedy|Sci-Fi,"국가: 미국
줄거리: 비디오 게임 속 NPC가 자아를 깨닫고 진정한 영웅이 되기 위한 여정을 떠나는 이야기입니다.
분위기 및 심리변화: 유쾌하고 상상력 넘치는 분위기 속에서, 주인공은 자신을 발견하고 성장합니다."
486,The Nun II (2023),Horror|Mystery|Thriller,"국가: 미국
줄거리: 과거의 악령과 싸우며 종교적 갈등을 다룬 공포 영화입니다.
분위기 및 심리변화: 공포스럽고 긴장감 넘치는 분위기 속에서, 주인공은 두려움과 용기를 경험합니다."
487,Reptile (2023),Crime|Drama|Thriller,"국가: 미국
줄거리: 형사가 연쇄살인 사건을 수사하며 진실과 음모에 다가가는 미스터리 스릴러입니다.
분위기 및 심리변화: 어둡고 스릴 넘치는 분위기 속에서, 주인공은 진실을 추구하며 심리적 갈등을 겪습니다."
488,Dead Poets Society (1989),Drama,"국가: 미국
줄거리: 문학을 통해 학생들에게 자기 표현과 자유를 가르치는 교사의 이야기를 다룹니다.
분위기 및 심리변화: 감동적이고 철학적인 분위기 속에서, 주인공들은 용기와 자기 발견의 의미를 배웁니다."
489,The New Mutants (2020),Action|Horror|Sci-Fi,"국가: 미국
줄거리: 특별한 능력을 가진 청소년들이 병원에서 탈출을 시도하는 이야기입니다.
분위기 및 심리변화: 어둡고 긴장감 넘치는 분위기 속에서, 주인공들은 공포와 자유의 갈등을 경험합니다."
490,Lost in Translation (2003),Comedy|Drama|Romance,"국가: 미국
줄거리: 일본을 배경으로 우연히 만난 두 사람이 외로움과 소통의 부재를 통해 유대감을 형성하는 이야기입니다.
분위기 및 심리변화: 감성적이고 서정적인 분위기 속에서, 주인공들은 소통과 정서적 연결을 경험합니다."
491,Mid90s (2018),Comedy|Drama,"국가: 미국
줄거리: 90년대를 배경으로 한 소년이 스케이트보딩을 통해 친구들과 성장하는 이야기를 그린 청춘 드라마입니다.
분위기 및 심리변화: 현실적이고 감성적인 분위기 속에서, 주인공은 자아 찾기와 우정의 가치를 배웁니다."
492,John Wick: Chapter 4 (2023),Action|Crime|Thriller,"국가: 미국
줄거리: 존 윅은 자신을 노리는 수많은 적들과 치열한 싸움을 벌이며 자신의 자유와 평화를 찾기 위해 고군분투합니다.
분위기 및 심리변화: 강렬하고 어두운 분위기 속에서, 주인공은 복수와 생존 사이에서 내면의 갈등을 겪습니다."
493,Spy (2015),Action|Comedy|Crime,"국가: 미국
줄거리: 평범한 CIA 요원이 중요한 임무를 맡아 스파이로 활약하게 되는 코미디 액션 영화입니다.
분위기 및 심리변화: 유쾌하고 긴장감 넘치는 분위기 속에서, 주인공은 자신감을 발견하고 성장합니다."
494,Zootopia (2016),Action|Adventure|Animation|Children|Comedy,"국가: 미국
줄거리: 다양한 동물들이 살아가는 도시에서 토끼 경찰관이 사건을 해결하며 편견과 싸우는 이야기입니다.
분위기 및 심리변화: 유쾌하고 교육적인 분위기 속에서, 주인공은 용기와 포용의 가치를 배웁니다."
495,Enemy (2013),Mystery|Thriller,"국가: 캐나다
줄거리: 자신의 도플갱어를 발견한 남성이 진실을 추적하며 벌어지는 심리 스릴러입니다.
분위기 및 심리변화: 어두운 분위기 속에서, 주인공은 불안과 자아의 혼란을 경험합니다."
496,Hidden Figures (2016),Drama,"국가: 미국
줄거리: NASA에서 일하는 아프리카계 여성들이 인종 차별과 성차별을 극복하며 중요한 역할을 수행하는 이야기입니다.
분위기 및 심리변화: 감동적이고 영감을 주는 분위기 속에서, 주인공들은 자신감과 인내를 배웁니다."
497,Elemental (2023),Animation|Children|Comedy|Fantasy|Romance,"국가: 미국
줄거리: 서로 다른 성질을 가진 요소들이 공존하며 화합과 이해를 배우는 이야기를 그립니다.
분위기 및 심리변화: 따뜻하고 교훈적인 분위기 속에서, 주인공들은 차이를 극복하고 조화를 찾습니다."
498,Amundsen (2019),Drama,"국가: 노르웨이
줄거리: 남극 탐험가 로알 아문센의 삶과 모험을 다룬 실화 기반 영화입니다.
분위기 및 심리변화: 서사적이고 긴장감 넘치는 분위기 속에서, 주인공은 용기와 인내를 경험합니다."
499,Oppenheimer (2023),Drama,"국가: 미국
줄거리: 원자폭탄 개발의 역사적 순간을 다룬 영화로, 과학자 오펜하이머의 삶과 도덕적 갈등을 그립니다.
분위기 및 심리변화: 진지하고 역사적인 분위기 속에서, 주인공은 책임감과 윤리적 갈등을 경험합니다."
